County,location,year,building_starts,cost_ratio,overall_homeless,homeless_percapita,govt_spend,rc_project,total_units,rc_units,rc_status
Lane,Eugene,2019,,,,,,447 E 15th Ave,6,,
Lane,Eugene,2019,,,,,,1011 Abbie Ln,25,,
Lane,Eugene,2019,,,,,,2670 Edgewood Dr,40,,
Lane,Eugene,2019,,,,,,1533 Arthur St,2,,
Lane,Eugene,2019,,,,,,100 E 11th Ave,54,,
Lane,Eugene,2019,,,,,,3077 Matt Dr,48,,
Lane,Eugene,2019,,,,,,2525 Portland St,21,,
Lane,Eugene,2019,,,,,,2420 Willakenzie Rd,36,,
Lane,Eugene,2019,,,,,,25 W 30th Ave,3,,
Lane,Eugene,2019,,,,,,1121 Coburg Rd,35,,
Lane,Eugene,2019,,,,,,850 Hunsaker Ln,,,
Lane,Eugene,2019,,,,,,2111 W 12th,90,,
Lane,Eugene,2019,,,,,,1877 Brewer Ave,79,,
Lane,Eugene,2019,,,,,,2784 Willakenzie Rd,65,,
Lane,Eugene,2019,,,,,,120 N Garfield St,9,,
Lane,Eugene,2019,,,,,,2755 W Lone Oak Lp,34,,
Lane,Eugene,2019,,,,,,2988 Oak St,35,,
Lane,Eugene,2019,,,,,,3400 Hawthorne Ave,30,,
Lane,Eugene,2019,,,,,,342 Hope Lp,12,,
Lane,Eugene,2019,,,,,,3450 Jacobs Ln,63,,
Lane,Eugene,2019,,,,,,1755 Kingsley Rd,68,,
Lane,Eugene,2019,,,,,,1135 Hayes St,35,,
Lane,Eugene,2019,,,,,,190 E 24th Ave,15,,
Lane,Eugene,2019,,,,,,3420 Jacobs Ln,17,,
Lane,Eugene,2019,,,,,,1775 W 12th Ave,41,,
Lane,Eugene,2019,,,,,,1880 Cleveland St,16,,
Lane,Eugene,2019,,,,,,377 W 8th Ave,51,,
Lane,Eugene,2019,,,,,,1055 Bennett Ln,24,,
Lane,Eugene,2019,,,,,,433 W 8th Ave,9,,
Lane,Eugene,2019,,,,,,2855 Matt Dr,38,,
Lane,Eugene,2019,,,,,,335 W 2nd Ave,40,,
Lane,Eugene,2019,,,,,,205 Green Ln,14,,
Lane,Eugene,2019,,,,,,1665 Oakpatch Rd,72,,
Lane,Eugene,2019,,,,,,1133 Olive St,150,,
Lane,Eugene,2019,,,,,,Willakenzie Dr & Kings Dr,20,,
Lane,Eugene,2019,,,,,,255 High St,36,,
Lane,Eugene,2019,,,,,,584 N Danebo Ave,65,,
Lane,Eugene,2019,,,,,,4103 W 18th Ave,232,,
Lane,Eugene,2019,,,,,,1210 Acorn Park Dr,31,,
Lane,Eugene,2019,,,,,,50 Kourt Dr,20,,
Lane,Eugene,2019,,,,,,2640 Ross Ln; 500 Helen,36,,
Lane,Eugene,2019,,,,,,120 Santa Clara Ave,60,,
Lane,Eugene,2019,,,,,,2475 Sheldon Village Lp,78,,
Lane,Eugene,2019,,,,,,938 Jefferson St,9,,
Lane,Eugene,2019,,,,,,3400 Hawthorne Ave,94,,
Lane,Eugene,2019,,,,,,535 Betty Niven Dr,22,,
Lane,Eugene,2019,,,,,,1541 City View,11,,
Lane,Eugene,2019,,,,,,975 Hatton Ave,27,,
Lane,Eugene,2019,,,,,,951 W 7th Ave,25,,
Lane,Eugene,2019,,,,,,3608 W 18th Ave,67,,
Lane,Eugene,2019,,,,,,925 Hatton Ave,38,,
Lane,Eugene,2019,,,,,,1459 City View St,10,,
Lane,Eugene,2019,,,,,,265 W 8th Ave,102,,
Lane,Eugene,2019,,,,,,3057 Willakenzie Rd,56,,
Lane,Eugene,2019,,,,,,3202 Willakenzie Rd,25,,
Lane,Eugene,2019,,,,,,3545 Kinsrow Ave,240,,
Lane,Eugene,2019,,,,,,2966 Willamette St,12,,
Lane,Eugene,2019,,,,,,745 Woodleaf Ln,60,,
Lane,Eugene,2019,,,,,,350 Pearl St,222,,
Marion,Salem,2019,,,,,,3300 Portland Rd NE,5,,
Marion,Salem,2019,,,,,,3202 Bluff Ave SE,20,,
Marion,Salem,2019,,,,,,643 Manbrin NE Dr,10,,
Marion,Salem,2019,,,,,,4169 Campus Lp NE,47,,
Marion,Salem,2019,,,,,,1165 Chemeketa St NE,35,,
Marion,Salem,2019,,,,,,2911 Saddle Club Ct SE,,,
Marion,Salem,2019,,,,,,3350 Portland Rd NE,180,,
Marion,Salem,2019,,,,,,4170 State St,5,,
Marion,Salem,2019,,,,,,3140 Tess Ave NE,50,,
Marion,Salem,2019,,,,,,1068 Park Ave NE,54,,
Marion,Salem,2019,,,,,,1810 32nd Pl NE,49,,
Marion,Salem,2019,,,,,,3312 Sunnyview Ave NE,16,,
Marion,Salem,2019,,,,,,1905 Sizemore Dr NE,12,,
Marion,Salem,2019,,,,,,1083 23rd St NE,24,,
Marion,Salem,2019,,,,,,1355 4th St NE,6,,
Marion,Salem,2019,,,,,,1230 Highland Ave NE,9,,
Marion,Salem,2019,,,,,,1217 Highland Ave NE,16,,
Marion,Salem,2019,,,,,,1237 Highland Ave NE,4,,
Marion,Salem,2019,,,,,,1262 Highland Ave NE,16,,
Marion,Salem,2019,,,,,,1551 Center St NE,75,,
Marion,Salem,2019,,,,,,2585 Lee St SE,8,,
Marion,Salem,2019,,,,,,4550 Liberty Rd NE,,,
Marion,Salem,2019,,,,,,1250 Marilyn St SE,4,,
Marion,Salem,2019,,,,,,200 25th St NE,31,,
Marion,Salem,2019,,,,,,3837 12th St SE,56,,
Marion,Salem,2019,,,,,,4100 Kacey Cir NE,224,,
Marion,Salem,2019,,,,,,3143 7th Pl NE,124,,
Marion,Salem,2019,,,,,,3524 Fisher Rd NE,67,,
Marion,Salem,2019,,,,,,1725 Evergreen Ave NE,28,,
Marion,Salem,2019,,,,,,2981 River Rd N,10,,
Marion,Salem,2019,,,,,,370 Church St SE,62,,
Marion,Salem,2019,,,,,,4085 Market St NE,64,,
Marion,Salem,2019,,,,,,1903 Fairgrounds Rd NE,38,,
Marion,Salem,2019,,,,,,375 Fairview Ave SE,60,,
Marion,Salem,2019,,,,,,539 Statesman NE,12,,
Marion,Salem,2019,,,,,,3864 Sunnyview Rd NE,140,,
Marion,Salem,2019,,,,,,4810 Sunnyside Rd SE,58,,
Marion,Salem,2019,,,,,,1000 Cunningham Ln S,50,,
Marion,Salem,2019,,,,,,4300 Rickey St SE,8,,
Marion,Salem,2019,,,,,,2416 State St,3,,
Marion,Salem,2019,,,,,,3424 Fairhaven Ave NE,87,,
Marion,Salem,2019,,,,,,108 Village East Wy SE,112,,
Marion,Salem,2019,,,,,,1134 Waller St SE,22,,
Marion,Salem,2019,,,,,,2579 Lee St SE,,,
Marion,Salem,2019,,,,,,2029 Winter St SE,12,,
Multnomah,Portland,2019,,,,,,1220 SW 12th Ave,89,,
Multnomah,Portland,2019,,,,,,1515 SW 12th Ave,119,,
Multnomah,Portland,2019,,,,,,3033 NE Rodney Ave,5,,
Multnomah,Portland,2019,,,,,,333 SW Oak St,90,,
Multnomah,Portland,2019,,,,,,7104 SE Foster,101,,
Multnomah,Portland,2019,,,,,,6119 SE 93rd Ave,20,,
Multnomah,Portland,2019,,,,,,626 NE Brazee,18,,
Multnomah,Portland,2019,,,,,,1650 NW 13th Ave,155,,
Multnomah,Portland,2019,,,,,,910 SW Park Ave,37,,
Multnomah,Portland,2019,,,,,,1515 N Ainsworth St,88,,
Multnomah,Portland,2019,,,,,,6611 NE Martin Luther King Jr Blvd,74,,
Multnomah,Portland,2019,,,,,,5010 NE 19th Ave,24,,
Multnomah,Portland,2019,,,,,,409 NE San Rafael St,48,,
Multnomah,Portland,2019,,,,,,4012 N Borthwick Ave,8,,
Multnomah,Portland,2019,,,,,,523 SW 13th Ave,132,,
Multnomah,Portland,2019,,,,,,221 NE Fremont St,64,,
Multnomah,Portland,2019,,,,,,204 SW 8th Ave,106,,
Multnomah,Portland,2019,,,,,,12016 SE Ankeny St,42,,
Multnomah,Portland,2019,,,,,,2609 SE 145th Ave,96,,
Multnomah,Portland,2019,,,,,,12026 SE Ash St,47,,
Multnomah,Portland,2019,,,,,,11230 SW 62nd Ave,21,,
Multnomah,Portland,2019,,,,,,5025 NE 8th Ave,22,,
Multnomah,Portland,2019,,,,,,2322 N Williams Ave,33,,
Multnomah,Portland,2019,,,,,,3123 SE 8th Ave,19,,
Multnomah,Portland,2019,,,,,,3368 NE MLK Blvd,80,,
Multnomah,Portland,2019,,,,,,3650 NE Malloy St,32,,
Multnomah,Portland,2019,,,,,,1001 N Blandena St,10,,
Multnomah,Portland,2019,,,,,,7901 SE 92nd Ave,40,,
Multnomah,Portland,2019,,,,,,3340 SE Morrison St,81,,
Multnomah,Portland,2019,,,,,,3917 N Mississippi Ave,9,,
Multnomah,Portland,2019,,,,,,9305 SE Harold St,14,,
Multnomah,Portland,2019,,,,,,310 NW 6th Ave,75,,
Multnomah,Portland,2019,,,,,,25 NE 122nd Ave,124,,
Multnomah,Portland,2019,,,,,,2034 NE 40th Ave,48,,
Multnomah,Portland,2019,,,,,,3302 SE 122nd Ave,22,,
Multnomah,Portland,2019,,,,,,6816 N Trumbull Ave,13,,
Multnomah,Portland,2019,,,,,,8238 NE Broadway,58,,
Multnomah,Portland,2019,,,,,,1434 SW Morrison St,50,,
Multnomah,Portland,2019,,,,,,430 NE 16th Ave,144,,
Multnomah,Portland,2019,,,,,,655 NW Hoyt St,130,,
Multnomah,Portland,2019,,,,,,2705 N Killingsworth St,7,,
Multnomah,Portland,2019,,,,,,14992 SE Division St,35,,
Multnomah,Portland,2019,,,,,,240 SE 160th Ave,21,,
Multnomah,Portland,2019,,,,,,610 NW Davis St,37,,
Multnomah,Portland,2019,,,,,,2164 NW Lovejoy St,12,,
Multnomah,Portland,2019,,,,,,5224 N Vancouver Ave,20,,
Multnomah,Portland,2019,,,,,,2601 N Lombard St,14,,
Multnomah,Portland,2019,,,,,,901 SE 162nd Ave,32,,
Multnomah,Portland,2019,,,,,,2830 N Williams Ave,30,,
Multnomah,Portland,2019,,,,,,3911 SE Milwaukie Ave,68,,
Multnomah,Portland,2019,,,,,,16060 E Burnside St,30,,
Multnomah,Portland,2019,,,,,,5241 NE Killingsworth St,24,,
Multnomah,Portland,2019,,,,,,5109 NE Killingsworth St,60,,
Multnomah,Portland,2019,,,,,,13907 SE Division St,12,,
Multnomah,Portland,2019,,,,,,10535 E Burnside St,74,,
Multnomah,Portland,2019,,,,,,5700 N Kerby Ave,102,,
Multnomah,Portland,2019,,,,,,8510 N Swift Way,98,,
Multnomah,Portland,2019,,,,,,130 NE Lombard St,5,,
Multnomah,Portland,2019,,,,,,7622 N Glouchester St,4,,
Multnomah,Portland,2019,,,,,,4605 NE 95th Ave,28,,
Multnomah,Portland,2019,,,,,,5845 NE Hoyt St,60,,
Multnomah,Portland,2019,,,,,,9020 N Central St,20,,
Multnomah,Portland,2019,,,,,,6905 N Interstate,51,,
Multnomah,Portland,2019,,,,,,1910 SE Stark St,10,,
Multnomah,Portland,2019,,,,,,1019 SW 10th Ave,83,,
Multnomah,Portland,2019,,,,,,1437 SE Martin Luther King Jr Blvd,22,,
Multnomah,Portland,2019,,,,,,527 SE Morrison St,90,,
Multnomah,Portland,2019,,,,,,2730 SE 92nd Ave,29,,
Multnomah,Portland,2019,,,,,,1730 SW Jefferson St,52,,
Multnomah,Portland,2019,,,,,,8320 NE Sandy Blvd,362,,
Multnomah,Portland,2019,,,,,,4629 NE 118th Ave,7,,
Multnomah,Portland,2019,,,,,,5800 NE Center Commons Wy,172,,
Multnomah,Portland,2019,,,,,,325 NW 18th Ave,18,,
Multnomah,Portland,2019,,,,,,4207 SE 37th Ave,10,,
Multnomah,Portland,2019,,,,,,6724 SE 72nd Ave,32,,
Multnomah,Portland,2019,,,,,,14135 SE Division St,20,,
Multnomah,Portland,2019,,,,,,SE 171st Ave and SE Division,78,,
Multnomah,Portland,2019,,,,,,915 NE Schuyler St,115,,
Multnomah,Portland,2019,,,,,,101 N Morris St,67,,
Multnomah,Portland,2019,,,,,,7003 NE 27th Ave,40,,
Multnomah,Portland,2019,,,,,,2700 SE 148th Ave,18,,
Multnomah,Portland,2019,,,,,,2645 SE 127th Ave,8,,
Multnomah,Portland,2019,,,,,,2545 E Burnside,30,,
Multnomah,Portland,2019,,,,,,17527 SE Pine St,7,,
Multnomah,Portland,2019,,,,,,100 NE 120th Ave,61,,
Multnomah,Portland,2019,,,,,,3709 SE 91st Ave,7,,
Multnomah,Portland,2019,,,,,,18208 SE Yamhill St,31,,
Multnomah,Portland,2019,,,,,,2016 SE 122nd Ave,17,,
Multnomah,Portland,2019,,,,,,2417 NE Rodney Ave,30,,
Multnomah,Portland,2019,,,,,,5305 NE 11th Ave,5,,
Multnomah,Portland,2019,,,,,,5312 NE 13th Ave,16,,
Multnomah,Portland,2019,,,,,,5520 NE Glisan,40,,
Multnomah,Portland,2019,,,,,,5507 NE 27th Ave,26,,
Multnomah,Portland,2019,,,,,,9 NW 2nd Ave,62,,
Multnomah,Portland,2019,,,,,,3611 SE 28th Ave,70,,
Multnomah,Portland,2019,,,,,,225 NW Couch St,191,,
Multnomah,Portland,2019,,,,,,5421 NE 14th Pl,9,,
Multnomah,Portland,2019,,,,,,1117 SW Stark St,81,,
Multnomah,Portland,2019,,,,,,4716 N Mississippi,30,,
Multnomah,Portland,2019,,,,,,4105 SW Beaverton-Hillsdale Hwy,24,,
Multnomah,Portland,2019,,,,,,8428 N Fenwick Ave,27,,
Multnomah,Portland,2019,,,,,,14232 E Burnside,33,,
Multnomah,Portland,2019,,,,,,314 NW 5th Ave,70,,
Multnomah,Portland,2019,,,,,,19401 SE Yamhill St,31,,
Multnomah,Portland,2019,,,,,,4820 SE 122nd Ave,30,,
Multnomah,Portland,2019,,,,,,8012 SE Raymond St,19,,
Multnomah,Portland,2019,,,,,,12608 SE Foster Rd,20,,
Multnomah,Portland,2019,,,,,,1031 SE 106th Ave,50,,
Multnomah,Portland,2019,,,,,,929 SW Salmon St,70,,
Multnomah,Portland,2019,,,,,,221 NE Fremont St,28,,
Multnomah,Portland,2019,,,,,,2140 NW Kearney St,85,,
Multnomah,Portland,2019,,,,,,3140 SE 136th Ave,63,,
Multnomah,Portland,2019,,,,,,3024 NE Martin Luther King Jr Blvd,51,,
Multnomah,Portland,2019,,,,,,501 NE Albert St,5,,
Multnomah,Portland,2019,,,,,,510 NE 100th Ave,144,,
Multnomah,Portland,2019,,,,,,610 NE 99th,60,,
Multnomah,Portland,2019,,,,,,12020 SE Gladstone St,48,,
Multnomah,Portland,2019,,,,,,555 NE 100th Ave,67,,
Multnomah,Portland,2019,,,,,,2375 NW Glisan,5,,
Multnomah,Portland,2019,,,,,,707 NW Everett,68,,
Multnomah,Portland,2019,,,,,,5717 NE Simpson St,5,,
Multnomah,Portland,2019,,,,,,1839 NE 14th Ave,95,,
Multnomah,Portland,2019,,,,,,4936 NE 10th Ave,3,,
Multnomah,Portland,2019,,,,,,418 SE Grand Ave,42,,
Multnomah,Portland,2019,,,,,,0650 SW Lowell St,42,,
Multnomah,Portland,2019,,,,,,4545 NE 125th Pl,8,,
Multnomah,Portland,2019,,,,,,2405 SE 142nd Ave,11,,
Multnomah,Portland,2019,,,,,,620 SE 148th Ave,31,,
Multnomah,Portland,2019,,,,,,1240 SW Columbia St,129,,
Multnomah,Portland,2019,,,,,,12428 NE Halsey,15,,
Multnomah,Portland,2019,,,,,,18940 NE Halsey St,6,,
Multnomah,Portland,2019,,,,,,1212 SW Clay St,152,,
Multnomah,Portland,2019,,,,,,2270 SE 39th Ave,5,,
Multnomah,Portland,2019,,,,,,4023 SE 112th Ave,10,,
Multnomah,Portland,2019,,,,,,3423 SE 69th Ave,3,,
Multnomah,Portland,2019,,,,,,1420 SE 16th Ave,71,,
Multnomah,Portland,2019,,,,,,12621 SE Stark,153,,
Multnomah,Portland,2019,,,,,,36 NE 147th Ave,60,,
Multnomah,Portland,2019,,,,,,10 NW Broadway,105,,
Multnomah,Portland,2019,,,,,,309 SW Fourth Ave,153,,
Multnomah,Portland,2019,,,,,,110 SW Arthur,39,,
Multnomah,Portland,2019,,,,,,4601 SE Cesar E Chavez Blvd,80,,
Multnomah,Portland,2019,,,,,,4333 SE 104th Ave,48,,
Multnomah,Portland,2019,,,,,,12012 SE Holgate Blvd,10,,
Multnomah,Portland,2019,,,,,,2310 NE Weidler St,28,,
Multnomah,Portland,2019,,,,,,4400 NE Broadway,286,,
Multnomah,Portland,2019,,,,,,1264 SW Cheltenhem St,12,,
Multnomah,Portland,2019,,,,,,415 SW Alder St,99,,
Multnomah,Portland,2019,,,,,,2644 SE Powell Blvd,12,,
Multnomah,Portland,2019,,,,,,5033 N Vancouver Ave,130,,
Multnomah,Portland,2019,,,,,,12725 SE Powell Blvd,10,,
Multnomah,Portland,2019,,,,,,1429 SW 14th Ave,58,,
Multnomah,Portland,2019,,,,,,6847 N Interstate Ave,12,,
Multnomah,Portland,2019,,,,,,14050 E Burnside St.,27,,
Multnomah,Portland,2019,,,,,,2629 SE 125th Ave,8,,
Multnomah,Portland,2019,,,,,,1510 SW 13th Ave,48,,
Multnomah,Portland,2019,,,,,,1201 SW 11th Ave,80,,
Multnomah,Portland,2019,,,,,,7531 SE Steele St,17,,
Multnomah,Portland,2019,,,,,,7940 SE 72nd Ave,15,,
Multnomah,Portland,2019,,,,,,9707 SE Holgate Blvd,9,,
Multnomah,Portland,2019,,,,,,3640 SE 28th Ave,50,,
Multnomah,Portland,2019,,,,,,850 NW 20th Ave,32,,
Multnomah,Portland,2019,,,,,,3214 SE Holgate Blvd,77,,
Multnomah,Portland,2019,,,,,,3921 SE 69th Ave,5,,
Multnomah,Portland,2019,,,,,,29th & Killingsworth,5,,
Multnomah,Portland,2019,,,,,,101 NE Knott,14,,
Multnomah,Portland,2019,,,,,,3530 SE 84th Ave,282,,
Multnomah,Portland,2019,,,,,,303 N Beach St,4,,
Multnomah,Portland,2019,,,,,,3940 N Haight Ave,18,,
Multnomah,Portland,2019,,,,,,7906 SE 72nd Ave,38,,
Multnomah,Portland,2019,,,,,,15514 SE Division St,75,,
Multnomah,Portland,2019,,,,,,8728 SE Lafayette St,5,,
Multnomah,Portland,2019,,,,,,804 SE Cesar E Chavez Blvd,23,,
Multnomah,Portland,2019,,,,,,4620 SE 122nd Ave,37,,
Multnomah,Portland,2019,,,,,,9101 SE Foster,54,,
Multnomah,Portland,2019,,,,,,6102 SE 86th Ave,5,,
Multnomah,Portland,2019,,,,,,10325 SE Holgate Blvd,63,,
Multnomah,Portland,2019,,,,,,1125 SW 12th Ave,54,,
Multnomah,Portland,2019,,,,,,7860 SE 72nd Ave,20,,
Multnomah,Portland,2019,,,,,,2409 SE 139th Ave,4,,
Multnomah,Portland,2019,,,,,,2333 SE 130th Ave,70,,
Multnomah,Portland,2019,,,,,,111 NE 162nd Ave,17,,
Multnomah,Portland,2019,,,,,,5530 NE 60th Ave,43,,
Multnomah,Portland,2019,,,,,,1040 NW 10th Ave,181,,
Multnomah,Portland,2019,,,,,,705 N Fremont St,18,,
Multnomah,Portland,2019,,,,,,517 NE Sacramento,56,,
Multnomah,Portland,2019,,,,,,127 NW 6th Ave,42,,
Multnomah,Portland,2019,,,,,,17810 E Burnside St,45,,
Multnomah,Portland,2019,,,,,,10 N Weidler St,176,,
Multnomah,Portland,2019,,,,,,1700 NE Alberta St,9,,
Multnomah,Portland,2019,,,,,,3250 NE Martin Luther King Jr Blvd,50,,
Multnomah,Portland,2019,,,,,,3800 NE Mallory Ave,48,,
Multnomah,Portland,2019,,,,,,2020 SE Marion St,24,,
Multnomah,Portland,2019,,,,,,13541 SE Market St,5,,
Multnomah,Portland,2019,,,,,,644 SE 148th Ave,25,,
Multnomah,Portland,2019,,,,,,2020 NW Northrup St,243,,
Multnomah,Portland,2019,,,,,,1115 SW 11th Ave,108,,
Multnomah,Portland,2019,,,,,,6620 NE 6th Ave,16,,
Multnomah,Portland,2019,,,,,,7200 SE Woodstock Blvd,40,,
Multnomah,Portland,2019,,,,,,7704 SE Raymond,5,,
Multnomah,Portland,2019,,,,,,4012 N Borthwick,42,,
Multnomah,Portland,2019,,,,,,17675 SE Pine St,30,,
Multnomah,Portland,2019,,,,,,4310 NE Martin Luther King Jr Blvd,55,,
Multnomah,Portland,2019,,,,,,236 N Killingsworth St,36,,
Multnomah,Portland,2019,,,,,,1969 NW Johnson St,90,,
Multnomah,Portland,2019,,,,,,506 NW 5th Ave,62,,
Multnomah,Portland,2019,,,,,,7660 E Burnside St,20,,
Multnomah,Portland,2019,,,,,,217 NE 192nd Ave,5,,
Multnomah,Portland,2019,,,,,,2830 SE 127th Ave,46,,
Multnomah,Portland,2019,,,,,,6633 N Oberlin St,15,,
Multnomah,Portland,2019,,,,,,1306 NE 2nd Ave,47,,
Multnomah,Portland,2019,,,,,,8901 N Newell Ave,32,,
Multnomah,Portland,2019,,,,,,205 NW Couch St,34,,
Multnomah,Portland,2019,,,,,,1103 NE Roselawn St,7,,
Multnomah,Portland,2019,,,,,,1959 SW Morrison St,140,,
Multnomah,Portland,2019,,,,,,623 SW Park Ave,60,,
Multnomah,Portland,2019,,,,,,9110 NE Hassalo St,53,,
Multnomah,Portland,2019,,,,,,216 NW 3rd Ave,95,,
Multnomah,Portland,2019,,,,,,2600 N Williams Ave,19,,
Multnomah,Portland,2019,,,,,,5110 SE 76th Ave,16,,
Multnomah,Portland,2019,,,,,,5205 SE 86th Ave,40,,
Multnomah,Portland,2019,,,,,,7622 N Gloucester,7,,
Multnomah,Portland,2019,,,,,,4605 N Trenton St,539,,
Multnomah,Portland,2019,,,,,,8710 N Dana Ave,15,,
Multnomah,Portland,2019,,,,,,10036 N Oswego Ave,5,,
Multnomah,Portland,2019,,,,,,335 NW 19th Ave,174,,
Multnomah,Portland,2019,,,,,,8118 SE Division St,48,,
Multnomah,Portland,2019,,,,,,1484 NE Alberta St,11,,
Multnomah,Portland,2019,,,,,,1132 SW 13th Ave,10,,
Multnomah,Portland,2019,,,,,,333 NW 4th Ave,156,,
Multnomah,Portland,2019,,,,,,13130 SE Powell Blvd,19,,
Multnomah,Portland,2019,,,,,,315 N Alberta St,88,,
Multnomah,Portland,2019,,,,,,731 SW Salmon St,162,,
Multnomah,Portland,2019,,,,,,10918 SE Stark St,59,,
Multnomah,Portland,2019,,,,,,4619 N Michigan Ave,63,,
Multnomah,Portland,2019,,,,,,5272 N Interstate Ave,47,,
Multnomah,Portland,2019,,,,,,37 NE 127th Ave,11,,
Multnomah,Portland,2019,,,,,,2835 SE 47th Ave,69,,
Multnomah,Portland,2019,,,,,,920 NW Kearney St,199,,
Multnomah,Portland,2019,,,,,,1530 SW 13th Ave,93,,
Multnomah,Portland,2019,,,,,,12713 SE Powell Blvd,22,,
Multnomah,Portland,2019,,,,,,8734 N Columbia Blvd,164,,
Multnomah,Portland,2019,,,,,,12025 SE Pine St,24,,
Multnomah,Portland,2019,,,,,,140 SE 188th Ave,66,,
Multnomah,Portland,2019,,,,,,220 SE 106th Ave,10,,
Multnomah,Portland,2019,,,,,,10801 NE Fremont St,6,,
Multnomah,Portland,2019,,,,,,5802 N Michigan Ave,68,,
Multnomah,Portland,2019,,,,,,2105 SE Powell Blvd,19,,
Multnomah,Portland,2019,,,,,,12540 SE Powell Ct,68,,
Multnomah,Portland,2019,,,,,,13320 SE Powell Blvd,67,,
Multnomah,Portland,2019,,,,,,11200 SE Holgate Blvd,34,,
Multnomah,Portland,2019,,,,,,5802 NE Prescott St,20,,
Multnomah,Portland,2019,,,,,,5725 NE Prescott St,50,,
Multnomah,Portland,2019,,,,,,5921 E Burnside,39,,
Multnomah,Portland,2019,,,,,,6244 N Columbia Way,32,,
Multnomah,Portland,2019,,,,,,1550 NW 14th Ave,139,,
Multnomah,Portland,2019,,,,,,8940 SE Reedway St,24,,
Multnomah,Portland,2019,,,,,,1230 SE Morrison St,62,,
Multnomah,Portland,2019,,,,,,8 NW 8th Ave,180,,
Multnomah,Portland,2019,,,,,,4147 SE Division St,20,,
Multnomah,Portland,2019,,,,,,8870 N Columbia Blvd,97,,
Multnomah,Portland,2019,,,,,,1225 SE Belmont St,85,,
Multnomah,Portland,2019,,,,,,124 NE 181st Ave,47,,
Multnomah,Portland,2019,,,,,,19045 SE Yamhill,37,,
Multnomah,Portland,2019,,,,,,scattered sites,4,,
Multnomah,Portland,2019,,,,,,1430 SW 12th Ave,233,,
Multnomah,Portland,2019,,,,,,18173 NE Couch St,45,,
Multnomah,Portland,2019,,,,,,424 NW 21st Ave,31,,
Multnomah,Portland,2019,,,,,,597 North Dekum St,100,,
Multnomah,Portland,2019,,,,,,621 N Saratoga St,18,,
Multnomah,Portland,2019,,,,,,1218 SW Washington St,76,,
Multnomah,Portland,2019,,,,,,310 NW Flanders St,30,,
Multnomah,Portland,2019,,,,,,6005 SW Beaverton-Hillsdale Hwy,73,,
Multnomah,Portland,2019,,,,,,3911 SE Milwaukie Ave,68,,
Multnomah,Portland,2019,,,,,,4610 N Maryland Ave,13,,
Multnomah,Portland,2019,,,,,,532 NW Everett St,95,,
Multnomah,Portland,2019,,,,,,11401 NE Sandy Blvd,14,,
Multnomah,Portland,2019,,,,,,9326 SE Schiller St,24,,
Multnomah,Portland,2019,,,,,,8832 N Syracuse St,118,,
Multnomah,Portland,2019,,,,,,13223 SE Powell Blvd,42,,
Multnomah,Portland,2019,,,,,,7927 SW 31st Ave,20,,
Multnomah,Portland,2019,,,,,,1724 SE Tenino St,110,,
Multnomah,Portland,2019,,,,,,247 SE 160th Ave,62,,
Multnomah,Portland,2019,,,,,,375 NE Shaver St,85,,
Multnomah,Portland,2019,,,,,,123 W Burnside St,62,,
Multnomah,Portland,2019,,,,,,1865 NE Davis St,76,,
Multnomah,Portland,2019,,,,,,1115 NW Northrup St,209,,
Multnomah,Portland,2019,,,,,,4702 SW Slavin Rd,24,,
Multnomah,Portland,2019,,,,,,117 SE 151st Ave,27,,
Multnomah,Portland,2019,,,,,,650 SE 162nd Ave,72,,
Multnomah,Portland,2019,,,,,,6430 SE 128th Ave,36,,
Multnomah,Portland,2019,,,,,,3560 SE 79th Ave,126,,
Multnomah,Portland,2019,,,,,,1024 SW Main St,132,,
Multnomah,Portland,2019,,,,,,1177 SE Stark,106,,
Multnomah,Portland,2019,,,,,,4941 NE 10th Ave,3,,
Multnomah,Portland,2019,,,,,,1320 SW 10th Ave,109,,
Multnomah,Portland,2019,,,,,,8803 N Lombard St,38,,
Multnomah,Portland,2019,,,,,,8652 N Swift Way,124,,
Multnomah,Portland,2019,,,,,,737 SW 17th Ave,114,,
Multnomah,Portland,2019,,,,,,450 SE 127th Ave,60,,
Multnomah,Portland,2019,,,,,,1020 NW 9th Ave,176,,
Multnomah,Portland,2019,,,,,,304 SE 162nd Ave,43,,
Multnomah,Portland,2019,,,,,,6719 SW 26th Ave,124,,
Multnomah,Portland,2019,,,,,,7810 SE Foster Rd,50,,
Multnomah,Portland,2019,,,,,,5724 NE Prescott St,10,,
Multnomah,Portland,2019,,,,,,8066 SE Taggart St,24,,
Multnomah,Portland,2019,,,,,,4111 N Alaska St,118,,
Multnomah,Portland,2019,,,,,,1330 SE Taylor St,10,,
Multnomah,Portland,2019,,,,,,8028 SE 7th Ave,6,,
Multnomah,Portland,2019,,,,,,2405 SE Umatilla St,94,,
Multnomah,Portland,2019,,,,,,5135 SE 73rd Ave,16,,
Multnomah,Portland,2019,,,,,,7622 N Gloucester St,34,,
Multnomah,Portland,2019,,,,,,3001 SE 136th Ave,32,,
Multnomah,Portland,2019,,,,,,4720 N Trenton St,66,,
Multnomah,Portland,2019,,,,,,8453 SW 30th Ave,20,,
Multnomah,Portland,2019,,,,,,6552 SW 19th Ave,24,,
Multnomah,Portland,2019,,,,,,2500 N Williams Ave,80,,
Multnomah,Portland,2019,,,,,,2650 NW Upshur St,30,,
Multnomah,Portland,2019,,,,,,712 SW St Clair Ave,71,,
Multnomah,Portland,2019,,,,,,1825 SW Vermont St,14,,
Multnomah,Portland,2019,,,,,,2255 W Burnside St,62,,
Multnomah,Portland,2019,,,,,,6706 NE Killingsworth St,133,,
Multnomah,Portland,2019,,,,,,6939 NE Killingsworth St,26,,
Multnomah,Portland,2019,,,,,,6444 NE Killingsworth St,28,,
Multnomah,Portland,2019,,,,,,5020 NE Killingsworth St,71,,
Multnomah,Portland,2019,,,,,,245 SW Lincoln St,198,,
Multnomah,Portland,2019,,,,,,3131 SW Marigold St,56,,
Multnomah,Portland,2019,,,,,,15230 NE Sandy Blvd,59,,
Multnomah,Portland,2019,,,,,,5272 NE 6th Ave,38,,
Multnomah,Portland,2019,,,,,,6388 SW Capitol Hwy,51,,
Multnomah,Portland,2019,,,,,,1529 NE 21st Ave,51,,
Multnomah,Portland,2019,,,,,,6939 NE Killingsworth St,27,,
Multnomah,Portland,2019,,,,,,6404 SE 23rd Ave,301,,
Multnomah,Portland,2019,,,,,,222 SW Pine St,113,,
Multnomah,Portland,2019,,,,,,2041 NW Everett St,101,,
Multnomah,Portland,2019,,,,,,420 SE Grand Ave,42,,
Multnomah,Portland,2019,,,,,,7850 N Interstate Ave,10,,
Multnomah,Portland,2019,,,,,,8002 SE Duke St,4,,
Multnomah,Portland,2019,,,,,,6428 SE 97th Ave,9,,
Multnomah,Portland,2019,,,,,,5808 SE 91st,64,,
Multnomah,Portland,2019,,,,,,4808 NE 8th Ave,7,,
Multnomah,Portland,2019,,,,,,945 NW Naito Parkway,129,,
Multnomah,Troutdale,2019,,,,,,2295 SW Sturges Ln,160,,
,Oregon,2007,21101,,,,,,,,
,Oregon,2008,11676,,,,,,,,
,Oregon,2009,7039,,,,,,,,
,Oregon,2010,6868,,,,,,,,
,Oregon,2011,7663,,,,,,,,
,Oregon,2012,10608,,,,,,,,
,Oregon,2013,14843,,,,,,,,
,Oregon,2014,16645,,,,,,,,
,Oregon,2015,17510,,,,,,,,
,Oregon,2016,19586,,,,,,,,
,Oregon,2017,20053,,,,,,,,
,Oregon,2018,20132,,,,,,,,
,Oregon,2019,22037,,,,,,,,
,Oregon,2020,18665,,,,,,,,
,Oregon,2021,21916,,,,,,,,
,Oregon,2022,20321,,,,,,,,
,Oregon,2023,17697,,,,,,,,
,Bend,2007,911,8.2,"2,029",,,,,,
,Bend,2008,359,7.1,"1,736",,,,,,
,Bend,2009,161,6.6,742,,,,,,
,Bend,2010,210,6.1,569,,,,,,
,Bend,2011,292,5.4,802,,,,,,
,Bend,2012,508,4.9,808,,,,,,
,Bend,2013,907,4.8,506,,,,,,
,Bend,2014,847,4.7,568,,,,,,
,Bend,2015,1569,5,594,,,,,,
,Bend,2016,1471,5.3,602,,,,,,
,Bend,2017,1212,5.8,778,,,,,,
,Bend,2018,918,6.2,787,,,,,,
,Bend,2019,756,6.5,880,,,,,,
,Bend,2020,1076,6.5,913,,,,,,
,Bend,2021,1457,7.7,"1,116",,,,,,
,Bend,2022,1193,8.4,"1,359",,,,,,
,Bend,2023,1614,8,"1,647",,,,,,
,Eugene,2007,555,5.5,"2,332",,,,,,
,Eugene,2008,270,5.2,"2,137",,,,,,
,Eugene,2009,300,4.9,"2,232",,,,,,
,Eugene,2010,238,4.8,"2,580",,,,,,
,Eugene,2011,427,4.5,"2,140",,,,,,
,Eugene,2012,503,4.3,"2,057",,,,,,
,Eugene,2013,915,4.5,"1,751",,,,,,
,Eugene,2014,1032,4.6,"1,767",,,,,,
,Eugene,2015,316,4.7,"1,473",,,,,,
,Eugene,2016,747,4.9,"1,451",,,,,,
,Eugene,2017,379,5.2,"1,529",,,,,,
,Eugene,2018,834,5.4,"1,641",,,,,,
,Eugene,2019,640,5.5,"2,165",,,,,,
,Eugene,2020,722,5.9,"1,606",,,,,,
,Eugene,2021,1398,6.8,"2,317",,,,,,
,Eugene,2022,1085,7.2,"2,880",,,,,,
,Eugene,2023,593,6.9,"2,824",,,,,,
,Medford,2007,450,8.4,624,,,,,,
,Medford,2008,116,7.4,654,,,,,,
,Medford,2009,130,7,899,,,,,,
,Medford,2010,182,6.2,922,,,,,,
,Medford,2011,194,5.6,"1,049",,,,,,
,Medford,2012,274,5,691,,,,,,
,Medford,2013,349,4.8,548,,,,,,
,Medford,2014,407,5,625,,,,,,
,Medford,2015,329,5.3,729,,,,,,
,Medford,2016,440,5.5,527,,,,,,
,Medford,2017,398,5.8,633,,,,,,
,Medford,2018,450,6.1,732,,,,,,
,Medford,2019,335,6.1,712,,,,,,
,Medford,2020,285,6.1,727,,,,,,
,Medford,2021,437,6.6,773,,,,,,
,Medford,2022,310,6.7,"1,251",,,,,,
,Medford,2023,828,6.2,"1,143",,,,,,
,Portland,2007,4293,5.3,"3,918",,,,,,
,Portland,2008,2841,4.9,"3,918",,,,,,
,Portland,2009,793,4.4,"4,085",,,,,,
,Portland,2010,1100,4.4,"4,235",,,,,,
,Portland,2011,1364,4,"4,497",,,,,,
,Portland,2012,2298,4,"4,423",,,,,,
,Portland,2013,3755,4.5,"4,441",,,,,,
,Portland,2014,5016,4.7,"3,927",,,,,,
,Portland,2015,4411,4.8,"3,801",,,,,,
,Portland,2016,4929,5.1,"3,914",,,,,,
,Portland,2017,6789,5.3,"4,177",,,,,,
,Portland,2018,5648,5.2,"4,019",,,,,,
,Portland,2019,5094,5.3,"4,015",,,,,,
,Portland,2020,1779,5.5,"4,173",,,,,,
,Portland,2021,3028,6.3,"1,780",,,,,,
,Portland,2022,2197,6.6,"5,228",,,,,,
,Portland,2023,3089,6.2,"6,297",,,,,,
,Salem,2007,772,5,"1,997",,,,,,
,Salem,2008,347,4.6,"1,997",,,,,,
,Salem,2009,402,4,"2,366",,,,,,
,Salem,2010,232,3.8,"2,316",,,,,,
,Salem,2011,270,3.2,,,,,,,
,Salem,2012,379,3.2,,,,,,,
,Salem,2013,577,3.6,,,,,,,
,Salem,2014,291,3.7,,,,,,,
,Salem,2015,440,4,,,,,,,
,Salem,2016,792,4.3,,,,,,,
,Salem,2017,974,4.7,,,,,,,
,Salem,2018,861,4.9,,,,,,,
,Salem,2019,1034,4.9,,,,,,,
,Salem,2020,1254,5.4,624,,,,,,
,Salem,2021,846,6,549,,,,,,
,Salem,2022,1169,6.2,"1,805",,,,,,
,Salem,2023,686,5.9,"1,683",,,,,,
Multnomah,Portland,,,,,,,13654 SW 64TH AVE,1,1,ACTIVE
Multnomah,Portland,,,,,,,13673 SW 64TH AVE,1,1,ACTIVE
Multnomah,Portland,,,,,,,13674 SW 64TH AVE,1,1,ACTIVE
Multnomah,Portland,,,,,,,13693 SW 64TH AVE,1,1,ACTIVE
Multnomah,Portland,,,,,,,6309 SE ALBERTA ST,1,1,ACTIVE
Multnomah,Portland,,,,,,,6337 SE ALBERTA ST,1,1,ACTIVE
Multnomah,Portland,,,,,,,6367 SE ALBERTA ST,1,1,ACTIVE
Multnomah,Portland,,,,,,,6449 SE FERN AVE,1,1,ACTIVE
Multnomah,Portland,,,,,,,6492 SE FERN AVE,1,1,ACTIVE
Multnomah,Portland,,,,,,,6705 SE HAZEL AVE,1,1,ACTIVE
Multnomah,Portland,,,,,,,6708 SE HAZEL AVE,1,1,ACTIVE
Multnomah,Portland,,,,,,,10125 SE BOB SCHUMACHER RD,52,52,ACTIVE
Lane,Eugene,,,,,,,3145 CORALY AVE,2,2,ACTIVE
Lane,Eugene,,,,,,,1011 ABBIE LN,25,25,ACTIVE
Lane,Eugene,,,,,,,1774 ALDER ST,9,8,ACTIVE
Lane,Eugene,,,,,,,2640 EDGEWOOD DR,40,39,ACTIVE
Lane,Eugene,,,,,,,1533/1543 ARTHUR ST,2,2,ACTIVE
Lane,Eugene,,,,,,,100 E 11TH AVE,54,54,ACTIVE
Lane,Eugene,,,,,,,3077 MATT DR,48,47,ACTIVE
Lane,Eugene,,,,,,,3090 MATT DR,53,53,ACTIVE
Lane,Eugene,,,,,,,767 W 8TH AVE,10,10,ACTIVE
Lane,Eugene,,,,,,,2420 WILLAKENZIE RD,36,36,ACTIVE
Lane,Eugene,,,,,,,1121 COBURG RD,35,35,ACTIVE
Lane,Eugene,,,,,,,2315 MARTIN LUTHER KING JR BLVD,51,51,IN DEVELOPMENT
Lane,Eugene,,,,,,,2590 ERIN WAY,2,2,ACTIVE
Lane,Eugene,,,,,,,969 HIGHWAY 99 N,28,28,ACTIVE
Lane,Eugene,,,,,,,1728 FERRY ST,28,27,ACTIVE
Lane,Eugene,,,,,,,2111 W 12TH AVE,90,90,ACTIVE
Lane,Eugene,,,,,,,2712 WILLAKENZIE RD,65,62,ACTIVE
Lane,Eugene,,,,,,,120 N GARFIELD ST,9,9,ACTIVE
Lane,Eugene,,,,,,,2725 E LONE OAK LOOP,34,34,ACTIVE
Lane,Eugene,,,,,,,132 & 158 South Garden Way,123,123,IN DEVELOPMENT
Lane,Eugene,,,,,,,2988 OAK ST,35,35,ACTIVE
Lane,Eugene,,,,,,,3400 HAWTHORNE AVE,30,20,ACTIVE
Lane,Eugene,,,,,,,2222 COBURG RD,16,16,ACTIVE
Lane,Eugene,,,,,,,1600 TANEY,49,49,IN DEVELOPMENT
Lane,Eugene,,,,,,,302 HOPE LOOP,12,12,ACTIVE
Lane,Eugene,,,,,,,1505 RIVER ROAD,53,52,IN DEVELOPMENT
Lane,Eugene,,,,,,,1203 JACOBS DR,63,63,ACTIVE
Lane,Eugene,,,,,,,SE Corner of 13th & Tyler,15,15,IN DEVELOPMENT
Lane,Eugene,,,,,,,1755 KINGSLEY RD,68,68,ACTIVE
Lane,Eugene,,,,,,,1135 HAYES ST,35,34,ACTIVE
Lane,Eugene,,,,,,,3420 JACOBS LN,17,16,ACTIVE
Lane,Eugene,,,,,,,1775 W 12TH AVE,41,41,ACTIVE
Lane,Eugene,,,,,,,1880 CLEVELAND ST,16,16,ACTIVE
Lane,Eugene,,,,,,,377 W 8TH AVE,51,51,ACTIVE
Lane,Eugene,,,,,,,1055 BENNETT LN,24,24,ACTIVE
Lane,Eugene,,,,,,,433 W 8TH AVE,10,10,ACTIVE
Lane,Eugene,,,,,,,2802 MATT DR,38,38,ACTIVE
Lane,Eugene,,,,,,,NW CORNER OF 6TH AVE & OAK ST,50,50,IN DEVELOPMENT
Lane,Eugene,,,,,,,335 W 2ND AVE,40,40,ACTIVE
Lane,Eugene,,,,,,,1100 Charnelton St,45,45,IN DEVELOPMENT
Lane,Eugene,,,,,,,1424 OAK PATCH RD,54,54,ACTIVE
Lane,Eugene,,,,,,,1665 OAK PATCH RD,72,72,ACTIVE
Lane,Eugene,,,,,,,1133 OLIVE ST,150,150,ACTIVE
Lane,Eugene,,,,,,,255 HIGH ST,150,150,ACTIVE
Lane,Eugene,,,,,,,89 N Polk St,12,12,IN DEVELOPMENT
Lane,Eugene,,,,,,,584 N DANEBO AVE,64,64,ACTIVE
Lane,Eugene,,,,,,,4103 W 18TH AVE,232,232,ACTIVE
Lane,Eugene,,,,,,,1210 ACORN PARK ST,31,31,ACTIVE
Lane,Eugene,,,,,,,50 KOURT DR,20,20,ACTIVE
Lane,Eugene,,,,,,,2640 ROSS LN,36,36,ACTIVE
Lane,Eugene,,,,,,,120 SANTA CLARA AVE,60,60,ACTIVE
Lane,Eugene,,,,,,,4775 SCENIC DR,1,1,ACTIVE
Lane,Eugene,,,,,,,2475 SHELDON VILLAGE LOOP,43,42,ACTIVE
Lane,Eugene,,,,,,,2475 SHELDON VILLAGE LOOP,35,35,ACTIVE
Lane,Eugene,,,,,,,938 JEFFERSON ST,9,9,ACTIVE
Lane,Eugene,,,,,,,995 W 7TH AVE,16,16,ACTIVE
Lane,Eugene,,,,,,,3400 HAWTHORNE AVE,94,94,ACTIVE
Lane,Eugene,,,,,,,535 BETTY NIVEN DR,22,22,ACTIVE
Lane,Eugene,,,,,,,1541 CITY VIEW ST,54,53,ACTIVE
Lane,Eugene,,,,,,,925 HATTON AVE,27,27,ACTIVE
Lane,Eugene,,,,,,,689 W 13TH AVE,20,20,ACTIVE
Lane,Eugene,,,,,,,951 W 7TH AVE,13,13,ACTIVE
Lane,Eugene,,,,,,,1025 W 7TH AVE,12,12,ACTIVE
Lane,Eugene,,,,,,,1070 W 6TH AVE,10,10,ACTIVE
Lane,Eugene,,,,,,,3608 W 18TH AVE,67,67,ACTIVE
Lane,Eugene,,,,,,,1366 KELLER ST,32,31,ACTIVE
Lane,Eugene,,,,,,,265 W 8TH AVE,102,102,ACTIVE
Lane,Eugene,,,,,,,3057 WILLAKENZIE RD,56,56,ACTIVE
Lane,Eugene,,,,,,,3202 WILLAKENZIE RD,25,25,ACTIVE
Lane,Eugene,,,,,,,3545 KINSROW AVE,240,240,ACTIVE
Lane,Eugene,,,,,,,745 WOODLEAF LN,60,60,ACTIVE
Lane,Eugene,,,,,,,350 PEARL ST,110,110,IN DEVELOPMENT
Lane,Eugene,,,,,,,350 PEARL ST,112,112,ACTIVE
Marion,Salem,,,,,,,1361 MARILYN ST SE,1,1,ACTIVE
Marion,Salem,,,,,,,1570 MARSHALL DR SE,1,1,ACTIVE
Marion,Salem,,,,,,,4455 27th Ave,96,96,IN DEVELOPMENT
Marion,Salem,,,,,,,485 HOLMES CT SE,1,1,ACTIVE
Marion,Salem,,,,,,,4818 49TH AVE NE,1,1,ACTIVE
Marion,Salem,,,,,,,3202 BLUFF AVE SE,20,20,ACTIVE
Marion,Salem,,,,,,,1255 BROADWAY ST NE,55,54,ACTIVE
Marion,Salem,,,,,,,4169 CAMPUS LOOP NE,47,47,ACTIVE
Marion,Salem,,,,,,,1165 CHEMEKETA ST NE,36,35,ACTIVE
Marion,Salem,,,,,,,2933 CENTER ST,13,13,ACTIVE
Marion,Salem,,,,,,,4265 CLAXTER CT NE,102,102,IN DEVELOPMENT
Marion,Salem,,,,,,,2910 SADDLE CLUB ST SE,48,48,ACTIVE
Marion,Salem,,,,,,,2550 CORAL AVE NE,28,28,ACTIVE
Marion,Salem,,,,,,,3350 Portland RD NE,180,180,ACTIVE
Marion,Salem,,,,,,,4170 STATE ST,5,5,ACTIVE
Marion,Salem,,,,,,,3140 TESS AVE NE,50,50,ACTIVE
Marion,Salem,,,,,,,1068 PARK AVE NE,54,54,ACTIVE
Marion,Salem,,,,,,,905 Cottage St NE,18,18,IN DEVELOPMENT
Marion,Salem,,,,,,,1810 32ND PL NE,48,47,ACTIVE
Marion,Salem,,,,,,,3312 SUNNYVIEW RD NE,16,16,ACTIVE
Marion,Salem,,,,,,,1905 SIZEMORE DR NE,12,12,ACTIVE
Marion,Salem,,,,,,,1083 23RD ST SE,24,24,ACTIVE
Marion,Salem,,,,,,,Parcel 2 & Parcel 3,184,184,IN DEVELOPMENT
Marion,Salem,,,,,,,1355 4TH ST NE,6,6,ACTIVE
Marion,Salem,,,,,,,1244 HIGHLAND AVE,9,9,ACTIVE
Marion,Salem,,,,,,,1217 HIGHLAND AVE NE,16,12,ACTIVE
Marion,Salem,,,,,,,1237 HIGHLAND AVE NE,4,4,ACTIVE
Marion,Salem,,,,,,,1230 HIGHLAND AVE NE,9,9,ACTIVE
Marion,Salem,,,,,,,(UNKNOWN),16,16,ACTIVE
Marion,Salem,,,,,,,1551 CENTER ST NE,75,75,ACTIVE
Marion,Salem,,,,,,,4510 N NEWCASTLE CIR NE,104,104,ACTIVE
Marion,Salem,,,,,,,(UNKNOWN),10,10,ACTIVE
Marion,Salem,,,,,,,2585 LEE ST SE,8,8,ACTIVE
Marion,Salem,,,,,,,1250 MARILYN ST SE,4,4,ACTIVE
Marion,Salem,,,,,,,4921 SUNNYSIDE RD SE,32,32,ACTIVE
Marion,Salem,,,,,,,220 25TH ST NE,51,31,ACTIVE
Marion,Salem,,,,,,,(UNKNOWN),6,6,ACTIVE
Marion,Salem,,,,,,,TAX LOT 402 & 403 WALLACE RD,42,42,ACTIVE
Marion,Salem,,,,,,,3837 12TH ST SE,56,11,ACTIVE
Marion,Salem,,,,,,,4100 KACEY CIR NE,224,224,ACTIVE
Marion,Salem,,,,,,,3122 BROADWAY ST NE,30,30,ACTIVE
Marion,Salem,,,,,,,3103 7TH PL NE,78,78,ACTIVE
Marion,Salem,,,,,,,3524 FISHER RD NE,67,66,ACTIVE
Marion,Salem,,,,,,,4107 FISHER RD NE,35,35,ACTIVE
Marion,Salem,,,,,,,1725 EVERGREEN AVE NE,28,13,ACTIVE
Marion,Salem,,,,,,,2981 RIVER RD N,10,6,ACTIVE
Marion,Salem,,,,,,,721 Salem HEIGHTS AVE S,1,1,ACTIVE
Marion,Salem,,,,,,,4099 MARKET ST NE,65,64,ACTIVE
Marion,Salem,,,,,,,1160 MARKET ST NE,1,1,ACTIVE
Marion,Salem,,,,,,,3120 Broadway St NE,60,60,IN DEVELOPMENT
Marion,Salem,,,,,,,3143 7TH PL NE,46,46,ACTIVE
Marion,Salem,,,,,,,370 CHURCH ST SE,62,62,ACTIVE
Marion,Salem,,,,,,,3501 HAWTHORNE AVE NE,26,26,ACTIVE
Marion,Salem,,,,,,,2903 HAWTHORNE AVE NE,24,24,ACTIVE
Marion,Salem,,,,,,,2540 LEE ST SE,28,28,ACTIVE
Marion,Salem,,,,,,,375 FAIRVIEW AVE SE,60,60,ACTIVE
Marion,Salem,,,,,,,2455 STATE ST,11,11,ACTIVE
Marion,Salem,,,,,,,539 STATESMAN NE,11,11,ACTIVE
Marion,Salem,,,,,,,1000 CUNNINGHAM LN S,50,31,ACTIVE
Marion,Salem,,,,,,,2430 STATE ST,3,3,ACTIVE
Marion,Salem,,,,,,,3424 FAIRHAVEN AVE NE,87,86,ACTIVE
Marion,Salem,,,,,,,108 VILLAGE EAST WAY SE,112,112,ACTIVE
Marion,Salem,,,,,,,(UNKNOWN),12,12,ACTIVE
Marion,Salem,,,,,,,1134 WALLER ST SE,22,22,ACTIVE
Marion,Salem,,,,,,,2579 LEE ST SE,11,11,ACTIVE
Marion,Salem,,,,,,,2029 WINTER ST SE,12,6,ACTIVE
Marion,Salem,,,,,,,4685 SUNNYSIDE RD SE,11,3,ACTIVE
Marion,Salem,,,,,,,1901 FAIRGROUNDS RD NE,92,92,ACTIVE
Multnomah,Portland,,,,,,,10014 SE INSLEY ST,1,1,ACTIVE
Multnomah,Portland,,,,,,,10408 SE YUKON ST,1,1,ACTIVE
Multnomah,Portland,,,,,,,10416 SE REEDWAY ST,1,1,ACTIVE
Multnomah,Portland,,,,,,,10418 SE SCHILLER ST,1,1,ACTIVE
Multnomah,Portland,,,,,,,4916 NE 10TH AVE,11,6,ACTIVE
Multnomah,Portland,,,,,,,1110 N FAILING ST,3,3,ACTIVE
Multnomah,Portland,,,,,,,114 SE 22ND AVE,1,1,ACTIVE
Multnomah,Portland,,,,,,,3971 NE 11TH AVE,2,2,ACTIVE
Multnomah,Portland,,,,,,,1220 SW 12TH AVE,89,89,ACTIVE
Multnomah,Portland,,,,,,,1202 NE MASON ST,1,1,ACTIVE
Multnomah,Portland,,,,,,,1225 SE YAMHILL ST,8,8,ACTIVE
Multnomah,Portland,,,,,,,1227 NE ROSELAWN ST,1,1,ACTIVE
Multnomah,Portland,,,,,,,1230 SE IVON ST,2,2,ACTIVE
Multnomah,Portland,,,,,,,12373 SE ASH ST,175,175,IN DEVELOPMENT
Multnomah,Portland,,,,,,,128 NE MORRIS ST,1,1,ACTIVE
Multnomah,Portland,,,,,,,1529 SW 12TH AVE,119,112,ACTIVE
Multnomah,Portland,,,,,,,1310 SE PINE ST,6,5,ACTIVE
Multnomah,Portland,,,,,,,1419 SE OAK ST,1,1,ACTIVE
Multnomah,Portland,,,,,,,1421 SE PINE ST,1,1,ACTIVE
Multnomah,Portland,,,,,,,1455 NE GOING ST,8,8,ACTIVE
Multnomah,Portland,,,,,,,14655 E BURNSIDE ST,16,16,ACTIVE
Multnomah,Portland,,,,,,,14603 & 14525 E Burnside St,116,116,IN DEVELOPMENT
Multnomah,Portland,,,,,,,208 SE 148th Ave,96,96,IN DEVELOPMENT
Multnomah,Portland,,,,,,,1620 NW 14TH AVE,93,93,ACTIVE
Multnomah,Portland,,,,,,,1527 SE CLINTON ST,1,1,ACTIVE
Multnomah,Portland,,,,,,,1531 SE TAGGART ST,3,3,ACTIVE
Multnomah,Portland,,,,,,,1638 SE ANKENY ST,3,3,ACTIVE
Multnomah,Portland,,,,,,,1705 SE MORRISON ST,4,4,ACTIVE
Multnomah,Portland,,,,,,,1712 SE STARK ST,2,1,ACTIVE
Multnomah,Portland,,,,,,,1724 NE ALBERTA ST,4,4,ACTIVE
Multnomah,Portland,,,,,,,1725 SE MORRISON ST,7,7,ACTIVE
Multnomah,Portland,,,,,,,1732 N ALBERTA ST,1,1,ACTIVE
Multnomah,Portland,,,,,,,1809 SE WOODWARD ST,3,3,ACTIVE
Multnomah,Portland,,,,,,,(UNKNOWN),90,90,ACTIVE
Multnomah,Portland,,,,,,,1827 SE OAK ST,1,1,ACTIVE
Multnomah,Portland,,,,,,,1829 SE WASHINGTON ST,1,1,ACTIVE
Multnomah,Portland,,,,,,,1922 SE WASHINGTON ST,1,1,ACTIVE
Multnomah,Portland,,,,,,,1925 SE ALDER ST,5,4,ACTIVE
Multnomah,Portland,,,,,,,1926 SE WASHINGTON ST,1,1,ACTIVE
Multnomah,Portland,,,,,,,2016 NE MARTIN LUTHER KING JR BLVD,43,42,ACTIVE
Multnomah,Portland,,,,,,,2037 SE 41ST AVE,1,1,ACTIVE
Multnomah,Portland,,,,,,,217 SE 15TH AVE,6,6,ACTIVE
Multnomah,Portland,,,,,,,2203 SE MADISON ST,2,2,ACTIVE
Multnomah,Portland,,,,,,,2205 SE STARK ST,1,1,ACTIVE
Multnomah,Portland,,,,,,,2225 NE COUCH ST,2,2,ACTIVE
Multnomah,Portland,,,,,,,2235 SE UMATILLA ST,94,93,ACTIVE
Multnomah,Portland,,,,,,,2334 SE MORRISON ST,2,1,ACTIVE
Multnomah,Portland,,,,,,,2418 SE CORA ST,1,1,ACTIVE
Multnomah,Portland,,,,,,,2425 SE YAMHILL ST,2,1,ACTIVE
Multnomah,Portland,,,,,,,2528 SE 18TH AVE,3,2,ACTIVE
Multnomah,Portland,,,,,,,2532 SE 17TH AVE,2,2,ACTIVE
Multnomah,Portland,,,,,,,2542 SE 18TH AVE,1,1,ACTIVE
Multnomah,Portland,,,,,,,2617 SE 39TH AVE,1,1,ACTIVE
Multnomah,Portland,,,,,,,2643 SE 48TH AVE,5,5,ACTIVE
Multnomah,Portland,,,,,,,2714 SE 15TH AVE,2,2,ACTIVE
Multnomah,Portland,,,,,,,2727 SE 16TH AVE,1,1,ACTIVE
Multnomah,Portland,,,,,,,2735 SE CLINTON ST,3,1,ACTIVE
Multnomah,Portland,,,,,,,29 NE 148TH AVE,12,12,ACTIVE
Multnomah,Portland,,,,,,,2936 SE 17TH AVE,1,1,ACTIVE
Multnomah,Portland,,,,,,,3000 SE POWELL BLVD,206,206,IN DEVELOPMENT
Multnomah,Portland,,,,,,,302 NE SHAVER ST,2,2,ACTIVE
Multnomah,Portland,,,,,,,3134 SE 21ST AVE,1,1,ACTIVE
Multnomah,Portland,,,,,,,314 SE 13TH AVE,1,1,ACTIVE
Multnomah,Portland,,,,,,,316 SE 31ST AVE,1,1,ACTIVE
Multnomah,Portland,,,,,,,317 SE 16TH AVE,7,7,ACTIVE
Multnomah,Portland,,,,,,,3208 SE 136TH AVE,63,63,ACTIVE
Multnomah,Portland,,,,,,,329 NE HOLMAN ST,1,1,ACTIVE
Multnomah,Portland,,,,,,,3328 SE WASHINGTON ST,2,2,ACTIVE
Multnomah,Portland,,,,,,,333 SW OAK ST,90,90,ACTIVE
Multnomah,Portland,,,,,,,336 NW 20TH AVE,10,6,ACTIVE
Multnomah,Portland,,,,,,,3429 SE 69TH AVE,3,3,ACTIVE
Multnomah,Portland,,,,,,,353 NE HOLMAN ST,1,1,ACTIVE
Multnomah,Portland,,,,,,,3546 NE 6TH AVE,2,2,ACTIVE
Multnomah,Portland,,,,,,,3612 NE 8TH AVE,2,2,ACTIVE
Multnomah,Portland,,,,,,,3717 NE 11TH AVE,1,1,ACTIVE
Multnomah,Portland,,,,,,,3735 SE CLINTON ST,1,1,ACTIVE
Multnomah,Portland,,,,,,,3832 SE CENTER ST,5,5,ACTIVE
Multnomah,Portland,,,,,,,3862 SE IVON ST,1,1,ACTIVE
Multnomah,Portland,,,,,,,935 NE FAILING ST,2,1,ACTIVE
Multnomah,Portland,,,,,,,3956 NE MALLORY AVE,1,1,ACTIVE
Multnomah,Portland,,,,,,,3957 NE 13TH AVE,1,1,ACTIVE
Multnomah,Portland,,,,,,,3958 NE GARFIELD AVE,4,4,ACTIVE
Multnomah,Portland,,,,,,,4009 NE 11TH AVE,1,1,ACTIVE
Multnomah,Portland,,,,,,,4030 SE MAIN ST,2,2,ACTIVE
Multnomah,Portland,,,,,,,4066 NE GRAND AVE,5,5,ACTIVE
Multnomah,Portland,,,,,,,41 NE 127TH AVE,8,8,ACTIVE
Multnomah,Portland,,,,,,,426 NE TILLAMOOK ST,2,2,ACTIVE
Multnomah,Portland,,,,,,,4285 SE STARK ST,1,1,ACTIVE
Multnomah,Portland,,,,,,,4307 NE MALLORY AVE,1,1,ACTIVE
Multnomah,Portland,,,,,,,432 NE TILLAMOOK ST,2,2,ACTIVE
Multnomah,Portland,,,,,,,4339 NE 20TH AVE,1,1,ACTIVE
Multnomah,Portland,,,,,,,4548 SE 122ND AVE,37,37,ACTIVE
Multnomah,Portland,,,,,,,4616 NE GARFIELD AVE,3,3,ACTIVE
Multnomah,Portland,,,,,,,4618 NE 11TH AVE,1,1,ACTIVE
Multnomah,Portland,,,,,,,4618 NE 26TH AVE,1,1,ACTIVE
Multnomah,Portland,,,,,,,4619 SE FLAVEL DR,1,1,ACTIVE
Multnomah,Portland,,,,,,,4714 NE 13TH AVE,1,1,ACTIVE
Multnomah,Portland,,,,,,,4820 NE 26TH AVE,1,1,ACTIVE
Multnomah,Portland,,,,,,,4849 SE 86TH AVE,1,1,ACTIVE
Multnomah,Portland,,,,,,,4911 SE TENINO DR,1,1,ACTIVE
Multnomah,Portland,,,,,,,4918 NE 9TH AVE,1,1,ACTIVE
Multnomah,Portland,,,,,,,4918 SE TENINO DR,1,1,ACTIVE
Multnomah,Portland,,,,,,,4922 SE TENINO DR,1,1,ACTIVE
Multnomah,Portland,,,,,,,4933 NE 20TH AVE,4,3,ACTIVE
Multnomah,Portland,,,,,,,4960 NE 6TH AVE,8,8,ACTIVE
Multnomah,Portland,,,,,,,5020 NE 25TH AVE,2,2,ACTIVE
Multnomah,Portland,,,,,,,5115 NE 28TH AVE,1,1,ACTIVE
Multnomah,Portland,,,,,,,515 NE MORGAN ST,1,1,ACTIVE
Multnomah,Portland,,,,,,,518 NE BRAZEE ST,1,1,ACTIVE
Multnomah,Portland,,,,,,,525 NE MORRIS ST,3,3,ACTIVE
Multnomah,Portland,,,,,,,5254 N WILLIAMS AVE,1,1,ACTIVE
Multnomah,Portland,,,,,,,5320 NE CULLY BLVD,20,20,ACTIVE
Multnomah,Portland,,,,,,,5311 NE 26TH AVE,1,1,ACTIVE
Multnomah,Portland,,,,,,,5323 NE CULLY BLVD,18,18,ACTIVE
Multnomah,Portland,,,,,,,537 NE AINSWORTH ST,1,1,ACTIVE
Multnomah,Portland,,,,,,,550 NE FARGO ST,2,2,ACTIVE
Multnomah,Portland,,,,,,,5535 NE 23RD AVE,1,1,ACTIVE
Multnomah,Portland,,,,,,,5604 SE DUKE ST,2,2,ACTIVE
Multnomah,Portland,,,,,,,5620 SE DUKE ST,1,1,ACTIVE
Multnomah,Portland,,,,,,,58 NE SKIDMORE ST,1,1,ACTIVE
Multnomah,Portland,,,,,,,604 SE 20TH AVE,2,2,ACTIVE
Multnomah,Portland,,,,,,,6040 SE FLAVEL ST,1,1,ACTIVE
Multnomah,Portland,,,,,,,6046 SE FLAVEL ST,1,1,ACTIVE
Multnomah,Portland,,,,,,,612 SE 19TH AVE,1,1,ACTIVE
Multnomah,Portland,,,,,,,6122 SE TOLMAN ST,1,1,ACTIVE
Multnomah,Portland,,,,,,,617 SE 20TH AVE,1,1,ACTIVE
Multnomah,Portland,,,,,,,622 SE 19TH AVE,2,2,ACTIVE
Multnomah,Portland,,,,,,,6228 SE 92ND AVE,1,1,ACTIVE
Multnomah,Portland,,,,,,,645 N SARATOGA ST,18,18,ACTIVE
Multnomah,Portland,,,,,,,648 SE 20TH AVE,1,1,ACTIVE
Multnomah,Portland,,,,,,,6637 SE 56TH AVE,1,1,ACTIVE
Multnomah,Portland,,,,,,,6704 SE 93RD AVE,1,1,ACTIVE
Multnomah,Portland,,,,,,,6705 SE 56TH AVE,1,1,ACTIVE
Multnomah,Portland,,,,,,,6813 SE 67TH AVE,1,1,ACTIVE
Multnomah,Portland,,,,,,,7104-7130 SE FOSTER RD,101,101,ACTIVE
Multnomah,Portland,,,,,,,7419 SE BYBEE BLVD,1,1,ACTIVE
Multnomah,Portland,,,,,,,4729 SE 75TH AVE,5,5,ACTIVE
Multnomah,Portland,,,,,,,7730 SE HENRY PL,1,1,ACTIVE
Multnomah,Portland,,,,,,,7864 SE 64TH AVE,1,1,ACTIVE
Multnomah,Portland,,,,,,,7920 SE 72ND AVE,33,33,ACTIVE
Multnomah,Portland,,,,,,,805 SE 30TH AVE,1,1,ACTIVE
Multnomah,Portland,,,,,,,334 SE 80TH AVE,1,1,ACTIVE
Multnomah,Portland,,,,,,,813 N WEBSTER ST,1,1,ACTIVE
Multnomah,Portland,,,,,,,814 N WEBSTER ST,3,3,ACTIVE
Multnomah,Portland,,,,,,,2140 NW KEARNEY ST,85,84,ACTIVE
Multnomah,Portland,,,,,,,335 NW 19TH AVE,174,150,ACTIVE
Multnomah,Portland,,,,,,,4400 NE BROADWAY ST,286,286,ACTIVE
Multnomah,Portland,,,,,,,1724 SE TENINO ST,110,109,ACTIVE
Multnomah,Portland,,,,,,,1001 N BLANDENA ST,10,10,ACTIVE
Multnomah,Portland,,,,,,,2601 N LOMBARD ST,14,14,ACTIVE
Multnomah,Portland,,,,,,,2417 NE RODNEY ST,30,30,ACTIVE
Multnomah,Portland,,,,,,,3800 NE MALLORY AVE,47,47,ACTIVE
Multnomah,Portland,,,,,,,8832 N SYRACUSE ST,118,118,ACTIVE
Multnomah,Portland,,,,,,,4111 N ALASKA ST,120,120,ACTIVE
Multnomah,Portland,,,,,,,7850 N INTERSTATE AVE,10,10,ACTIVE
Multnomah,Portland,,,,,,,17225 SE ALDER ST,20,20,ACTIVE
Multnomah,Portland,,,,,,,12608 SE FOSTER RD,20,20,ACTIVE
Multnomah,Portland,,,,,,,4023 SE 112TH AVE,10,10,ACTIVE
Multnomah,Portland,,,,,,,12725 SE POWELL BLVD,10,10,ACTIVE
Multnomah,Portland,,,,,,,1969 NW JOHNSON ST,90,90,ACTIVE
Multnomah,Portland,,,,,,,11200 SE HOLGATE BLVD,32,32,ACTIVE
Multnomah,Portland,,,,,,,2041 NW EVERETT ST,100,100,ACTIVE
Multnomah,Portland,,,,,,,8510 N SAINT LOUIS AVE,3,2,ACTIVE
Multnomah,Portland,,,,,,,9121 N BURR AVE,107,61,ACTIVE
Multnomah,Portland,,,,,,,915 SE MALL ST,4,4,ACTIVE
Multnomah,Portland,,,,,,,926 SE MALL ST,1,1,ACTIVE
Multnomah,Portland,,,,,,,927 SE MALL ST,2,2,ACTIVE
Multnomah,Portland,,,,,,,939 N ALBERTA ST,8,5,ACTIVE
Multnomah,Portland,,,,,,,6119 SE 93RD AVE,3,3,ACTIVE
Multnomah,Portland,,,,,,,9609 SE FOSTER RD,1,1,ACTIVE
Multnomah,Portland,,,,,,,9929 NE GLISAN ST,120,120,ACTIVE
Multnomah,Portland,,,,,,,1650 NW 13TH AVE,155,127,ACTIVE
Multnomah,Portland,,,,,,,910 SW PARK AVE,37,37,ACTIVE
Multnomah,Portland,,,,,,,1515 N AINSWORTH ST,88,88,ACTIVE
Multnomah,Portland,,,,,,,3532 N WILLIAMS AVE,72,18,ACTIVE
Multnomah,Portland,,,,,,,4957 NE 8th,52,52,IN DEVELOPMENT
Multnomah,Portland,,,,,,,509 NE ALBERTA ST,23,23,ACTIVE
Multnomah,Portland,,,,,,,6611 NE MARTIN LUTHER KING JR BLVD,74,74,ACTIVE
Multnomah,Portland,,,,,,,5010 NE 19TH AVE,10,10,ACTIVE
Multnomah,Portland,,,,,,,930 NE 162nd Ave,147,147,IN DEVELOPMENT
Multnomah,Portland,,,,,,,409 NE SAN RAFAEL ST,48,48,ACTIVE
Multnomah,Portland,,,,,,,3965 N ALBINA AVE,8,8,ACTIVE
Multnomah,Portland,,,,,,,523 SW 13TH AVE,132,132,ACTIVE
Multnomah,Portland,,,,,,,16124 SE ALDER ST,75,35,ACTIVE
Multnomah,Portland,,,,,,,221 NE FREMONT ST,64,63,ACTIVE
Multnomah,Portland,,,,,,,7621 N PORTSMOUTH AVE,15,15,ACTIVE
Multnomah,Portland,,,,,,,11930 SE ANKENY ST,42,42,ACTIVE
Multnomah,Portland,,,,,,,1021 NE 33rd Ave,129,128,IN DEVELOPMENT
Multnomah,Portland,,,,,,,2609 SE 145TH AVE,97,96,ACTIVE
Multnomah,Portland,,,,,,,12012 SE ASH ST,47,47,ACTIVE
Multnomah,Portland,,,,,,,11230 SW 62ND AVE,21,21,ACTIVE
Multnomah,Portland,,,,,,,16015 SE STARK ST,93,93,IN DEVELOPMENT
Multnomah,Portland,,,,,,,5025 NE 8TH AVE,22,22,ACTIVE
Multnomah,Portland,,,,,,,7656-7688 N Interstate Ave,60,60,IN DEVELOPMENT
Multnomah,Portland,,,,,,,2322 N WILLIAMS AVE,32,32,ACTIVE
Multnomah,Portland,,,,,,,5009 NE KILLINGSWORTH ST,10,5,ACTIVE
Multnomah,Portland,,,,,,,3123 SE 8TH AVE,20,20,ACTIVE
Multnomah,Portland,,,,,,,3368 NE MARTIN LUTHER KING JR BLVD,80,80,ACTIVE
Multnomah,Portland,,,,,,,3650 NE MALLORY AVE,32,32,ACTIVE
Multnomah,Portland,,,,,,,7901 SE 92ND AVE,40,39,ACTIVE
Multnomah,Portland,,,,,,,3340 SE MORRISON ST,85,66,ACTIVE
Multnomah,Portland,,,,,,,3979 N MISSISSIPPI AVE,9,6,ACTIVE
Multnomah,Portland,,,,,,,9305 SE HAROLD ST,14,14,ACTIVE
Multnomah,Portland,,,,,,,310 NW 6TH AVE,76,76,ACTIVE
Multnomah,Portland,,,,,,,2034 NE 40TH AVE,47,19,ACTIVE
Multnomah,Portland,,,,,,,1221 NE Couch St,109,109,IN DEVELOPMENT
Multnomah,Portland,,,,,,,3302 SE 122ND AVE,22,22,ACTIVE
Multnomah,Portland,,,,,,,4221 N WILLIS BLVD,27,27,ACTIVE
Multnomah,Portland,,,,,,,6816 N TRUMBULL AVE,14,13,ACTIVE
Multnomah,Portland,,,,,,,8238 NE BROADWAY ST,58,58,ACTIVE
Multnomah,Portland,,,,,,,1434 SW MORRISON ST,50,50,ACTIVE
Multnomah,Portland,,,,,,,430 NE 16TH AVE,144,144,ACTIVE
Multnomah,Portland,,,,,,,655 NW HOYT ST,130,130,ACTIVE
Multnomah,Portland,,,,,,,2705 N KILLINGSWORTH ST,7,7,ACTIVE
Multnomah,Portland,,,,,,,14992 SE DIVISION ST,35,32,ACTIVE
Multnomah,Portland,,,,,,,248 SE 160TH AVE,21,20,ACTIVE
Multnomah,Portland,,,,,,,610 NW DAVIS ST,38,38,ACTIVE
Multnomah,Portland,,,,,,,5224 N VANCOUVER AVE,20,20,ACTIVE
Multnomah,Portland,,,,,,,1009 SE 162ND AVE,32,32,ACTIVE
Multnomah,Portland,,,,,,,2830 N WILLIAMS AVE,30,29,ACTIVE
Multnomah,Portland,,,,,,,16050 E BURNSIDE ST,30,30,ACTIVE
Multnomah,Portland,,,,,,,5241 NE KILLINGSWORTH AVE,24,24,ACTIVE
Multnomah,Portland,,,,,,,13907 SE DIVISION ST,12,12,ACTIVE
Multnomah,Portland,,,,,,,8010 SW 45TH AVE,3,3,ACTIVE
Multnomah,Portland,,,,,,,8008 SW 45TH AVE,3,3,ACTIVE
Multnomah,Portland,,,,,,,10625 E BURNSIDE ST,74,74,ACTIVE
Multnomah,Portland,,,,,,,18750 SE STARK ST,1,1,ACTIVE
Multnomah,Portland,,,,,,,5700 N KERBY AVE,103,103,ACTIVE
Multnomah,Portland,,,,,,,8652 N SWIFT WAY,124,124,ACTIVE
Multnomah,Portland,,,,,,,8614 N CRAWFORD,110,110,IN DEVELOPMENT
Multnomah,Portland,,,,,,,323-327 NW 6th Ave,100,100,IN DEVELOPMENT
Multnomah,Portland,,,,,,,11450 SE Division Street,60,60,IN DEVELOPMENT
Multnomah,Portland,,,,,,,130 NE LOMBARD ST,1,1,ACTIVE
Multnomah,Portland,,,,,,,9021 N CENTRAL ST,10,10,ACTIVE
Multnomah,Portland,,,,,,,4605 NE 95TH AVE,27,27,ACTIVE
Multnomah,Portland,,,,,,,3800 SE 164TH AVE,71,71,ACTIVE
Multnomah,Portland,,,,,,,5845 NE HOYT ST,60,60,ACTIVE
Multnomah,Portland,,,,,,,5815 NE GLISAN ST,60,60,ACTIVE
Multnomah,Portland,,,,,,,9020 N CENTRAL ST,20,20,ACTIVE
Multnomah,Portland,,,,,,,6905 N INTERSTATE AVE,51,51,ACTIVE
Multnomah,Portland,,,,,,,9126 N CHASE AVE,5,5,ACTIVE
Multnomah,Portland,,,,,,,1910 SE STARK ST,10,10,ACTIVE
Multnomah,Portland,,,,,,,1019 SW 10TH AVE,83,83,ACTIVE
Multnomah,Portland,,,,,,,10570 SE CHERRY BLOSSOM DR,120,120,ACTIVE
Multnomah,Portland,,,,,,,2295 SW STURGES LN,160,160,ACTIVE
Multnomah,Portland,,,,,,,5335 NE CULLY BLVD,44,44,ACTIVE
Multnomah,Portland,,,,,,,323 SE HAWTHORNE BLVD,22,22,ACTIVE
Multnomah,Portland,,,,,,,527 SE MORRISON ST,88,84,ACTIVE
Multnomah,Portland,,,,,,,2730 SE 92ND AVE,29,28,ACTIVE
Multnomah,Portland,,,,,,,9268 SE CLINTON ST,16,8,ACTIVE
Multnomah,Portland,,,,,,,17308 NE COUCH ST,10,10,ACTIVE
Multnomah,Portland,,,,,,,1701 SW COLUMBIA ST,124,52,ACTIVE
Multnomah,Portland,,,,,,,8200 NE SANDY BLVD,118,117,ACTIVE
Multnomah,Portland,,,,,,,8212 NE SANDY BLVD,208,206,ACTIVE
Multnomah,Portland,,,,,,,16932 SE DIVISION ST,61,61,ACTIVE
Multnomah,Portland,,,,,,,4629 NE 118TH AVE,7,7,ACTIVE
Multnomah,Portland,,,,,,,5800 NE CENTER COMMONS WAY,172,172,ACTIVE
Multnomah,Portland,,,,,,,4207 SE 37TH AVE,10,10,ACTIVE
Multnomah,Portland,,,,,,,5416 NE 27TH AVE,5,5,ACTIVE
Multnomah,Portland,,,,,,,6720 SE 72ND AVE,32,32,ACTIVE
Multnomah,Portland,,,,,,,710 NW 14TH AVE,30,10,ACTIVE
Multnomah,Portland,,,,,,,11514 & 11518 SE Division St,138,138,IN DEVELOPMENT
Multnomah,Portland,,,,,,,915 NE SCHUYLER ST,113,113,ACTIVE
Multnomah,Portland,,,,,,,101 N MORRIS ST,67,67,ACTIVE
Multnomah,Portland,,,,,,,(UNKNOWN),187,187,ACTIVE
Multnomah,Portland,,,,,,,2700 SE 148TH AVE,18,18,ACTIVE
Multnomah,Portland,,,,,,,6485 SE 128th Ave,15,15,IN DEVELOPMENT
Multnomah,Portland,,,,,,,2645 SE 127TH AVE,8,8,ACTIVE
Multnomah,Portland,,,,,,,2545 E BURNSIDE ST,30,30,ACTIVE
Multnomah,Portland,,,,,,,10506 E BURNSIDE ST,51,51,ACTIVE
Multnomah,Portland,,,,,,,17527 SE PINE ST,7,6,ACTIVE
Multnomah,Portland,,,,,,,134 NE 120TH AVE,61,60,ACTIVE
Multnomah,Portland,,,,,,,3709 SE 91ST AVE,7,1,ACTIVE
Multnomah,Portland,,,,,,,25 NE 122ND AVE,123,123,ACTIVE
Multnomah,Portland,,,,,,,18208 SE YAMHILL ST,31,31,ACTIVE
Multnomah,Portland,,,,,,,1610 NE 66TH AVE,263,263,IN DEVELOPMENT
Multnomah,Portland,,,,,,,1309 NE EMERSON ST,2,2,ACTIVE
Multnomah,Portland,,,,,,,5305 NE 11TH AVE,4,4,ACTIVE
Multnomah,Portland,,,,,,,5314 NE 13TH AVE,16,16,ACTIVE
Multnomah,Portland,,,,,,,5520 NE GLISAN ST,41,40,ACTIVE
Multnomah,Portland,,,,,,,5513 NE 27TH AVE,6,6,ACTIVE
Multnomah,Portland,,,,,,,9 NW 2ND AVE,62,52,ACTIVE
Multnomah,Portland,,,,,,,3601 SE 27TH AVE,70,69,ACTIVE
Multnomah,Portland,,,,,,,225 NW COUCH ST,191,191,ACTIVE
Multnomah,Portland,,,,,,,5421 NE 14TH PL,9,9,ACTIVE
Multnomah,Portland,,,,,,,625 NW EVERETT ST,47,30,ACTIVE
Multnomah,Portland,,,,,,,4006 NE 8TH AVE,5,5,ACTIVE
Multnomah,Portland,,,,,,,4716 N MISSISSIPPI AVE,13,13,ACTIVE
Multnomah,Portland,,,,,,,4105 SW BEAVERTON HILLSDALE HWY,24,24,ACTIVE
Multnomah,Portland,,,,,,,13319 SE POWELL BLVD,16,9,ACTIVE
Multnomah,Portland,,,,,,,8428 N FENWICK AVE,27,27,ACTIVE
Multnomah,Portland,,,,,,,7936 N FESSENDEN ST,9,9,ACTIVE
Multnomah,Portland,,,,,,,234 NW 5TH AVE,96,39,ACTIVE
Multnomah,Portland,,,,,,,314 NW 5TH AVE,70,70,ACTIVE
Multnomah,Portland,,,,,,,5415 SE POWELL BLVD,38,38,IN DEVELOPMENT
Multnomah,Portland,,,,,,,19401 SE YAMHILL ST,32,32,ACTIVE
Multnomah,Portland,,,,,,,4820 SE 122ND AVE,31,30,ACTIVE
Multnomah,Portland,,,,,,,8012 SE RAYMOND ST,19,19,ACTIVE
Multnomah,Portland,,,,,,,1005 SE 106TH AVE,51,50,ACTIVE
Multnomah,Portland,,,,,,,929 SW SALMON ST,80,80,ACTIVE
Multnomah,Portland,,,,,,,233 N FREMONT ST,28,28,ACTIVE
Multnomah,Portland,,,,,,,3140 SE 136TH AVE,63,63,ACTIVE
Multnomah,Portland,,,,,,,3140 SE 136th,117,117,IN DEVELOPMENT
Multnomah,Portland,,,,,,,606 NE SACRAMENTO ST,18,18,ACTIVE
Multnomah,Portland,,,,,,,3940 N HAIGHT AVE,92,92,ACTIVE
Multnomah,Portland,,,,,,,626 NE BRAZEE ST,56,56,ACTIVE
Multnomah,Portland,,,,,,,4525 NE GRAND AVE,11,11,ACTIVE
Multnomah,Portland,,,,,,,6710 GARFIELD AVE,28,28,ACTIVE
Multnomah,Portland,,,,,,,3024 NE MLK BLVD,52,52,ACTIVE
Multnomah,Portland,,,,,,,510 NE 100TH AVE,144,144,ACTIVE
Multnomah,Portland,,,,,,,9745 NE GLISAN,159,158,IN DEVELOPMENT
Multnomah,Portland,,,,,,,5205 SE 86TH AVE,5,5,ACTIVE
Multnomah,Portland,,,,,,,610 NE 99TH AVE,60,60,ACTIVE
Multnomah,Portland,,,,,,,12020 SE GLADSTONE ST,48,48,ACTIVE
Multnomah,Portland,,,,,,,333 NE 146TH AVE,112,20,ACTIVE
Multnomah,Portland,,,,,,,555 NE 100TH AVE,67,67,ACTIVE
Multnomah,Portland,,,,,,,9919 NE Glisan St,105,105,IN DEVELOPMENT
Multnomah,Portland,,,,,,,4636 NE 42ND AVE,55,55,IN DEVELOPMENT
Multnomah,Portland,,,,,,,2843 NE LIBERTY ST,5,5,ACTIVE
Multnomah,Portland,,,,,,,5717 NE SIMPSON ST,5,5,ACTIVE
Multnomah,Portland,,,,,,,1839 NE 14TH AVE,95,95,ACTIVE
Multnomah,Portland,,,,,,,418 SE GRAND AVE,42,42,ACTIVE
Multnomah,Portland,,,,,,,1230 SE MORRISON ST,62,62,ACTIVE
Multnomah,Portland,,,,,,,420 SE GRAND AVE,42,42,ACTIVE
Multnomah,Portland,,,,,,,650 SW LOWELL ST,209,209,ACTIVE
Multnomah,Portland,,,,,,,620 SE 148TH AVE,31,31,ACTIVE
Multnomah,Portland,,,,,,,18815 SE YAMHILL ST,1,1,ACTIVE
Multnomah,Portland,,,,,,,10520 NE HALSEY ST,52,52,IN DEVELOPMENT
Multnomah,Portland,,,,,,,18940 NE HALSEY ST,6,5,ACTIVE
Multnomah,Portland,,,,,,,12428 NE HALSEY ST,16,16,ACTIVE
Multnomah,Portland,,,,,,,1973 SE 122ND AVE,76,15,ACTIVE
Multnomah,Portland,,,,,,,1212 SW CLAY ST,152,152,ACTIVE
Multnomah,Portland,,,,,,,7505 SE HENRY,16,16,ACTIVE
Multnomah,Portland,,,,,,,Two Scattered Sites,41,41,IN DEVELOPMENT
Multnomah,Portland,,,,,,,3423 SE 69TH AVE,3,3,ACTIVE
Multnomah,Portland,,,,,,,1420 SE 16TH AVE,71,71,ACTIVE
Multnomah,Portland,,,,,,,5827 NE Prescott,50,50,IN DEVELOPMENT
Multnomah,Portland,,,,,,,14719 E BURNSIDE ST,60,60,ACTIVE
Multnomah,Portland,,,,,,,10 NW BROADWAY,105,105,ACTIVE
Multnomah,Portland,,,,,,,309 SW 4TH AVE,173,173,ACTIVE
Multnomah,Portland,,,,,,,846 SW 29TH WAY,44,43,ACTIVE
Multnomah,Portland,,,,,,,110 SW ARTHUR ST,39,39,ACTIVE
Multnomah,Portland,,,,,,,4601 SE CESAR E CHAVEZ BLVD,80,80,ACTIVE
Multnomah,Portland,,,,,,,4333 SE 104TH AVE,48,48,ACTIVE
Multnomah,Portland,,,,,,,12012 SE HOLGATE BLVD,10,10,ACTIVE
Multnomah,Portland,,,,,,,4111 NE BROADWAY ST,47,10,ACTIVE
Multnomah,Portland,,,,,,,6300 NE 42ND AVE,59,59,IN DEVELOPMENT
Multnomah,Portland,,,,,,,2615 N HOLMAN ST,5,5,ACTIVE
Multnomah,Portland,,,,,,,1264 SW CHELTENHAM ST,12,11,ACTIVE
Multnomah,Portland,,,,,,,415 SW ALDER ST,99,99,ACTIVE
Multnomah,Portland,,,,,,,2644 SE POWELL BLVD,8,8,ACTIVE
Multnomah,Portland,,,,,,,5033 N VANCOUVER AVE,130,129,ACTIVE
Multnomah,Portland,,,,,,,5417 NE 25TH AVE,5,5,ACTIVE
Multnomah,Portland,,,,,,,6847 N INTERSTATE AVE,12,12,ACTIVE
Multnomah,Portland,,,,,,,8240 N INTERSTATE AVE,1,1,ACTIVE
Multnomah,Portland,,,,,,,14050 E BURNSIDE ST,27,27,ACTIVE
Multnomah,Portland,,,,,,,1516 NE HANCOCK ST,50,17,ACTIVE
Multnomah,Portland,,,,,,,420 NE MASON ST,104,104,ACTIVE
Multnomah,Portland,,,,,,,2627 SE 125TH AVE,8,8,ACTIVE
Multnomah,Portland,,,,,,,2517 SE 82ND AVE,48,48,ACTIVE
Multnomah,Portland,,,,,,,(UNKNOWN),48,48,ACTIVE
Multnomah,Portland,,,,,,,1201 SW 11TH AVE,80,79,ACTIVE
Multnomah,Portland,,,,,,,7531 SE STEELE ST,17,17,ACTIVE
Multnomah,Portland,,,,,,,7940 SE 72ND AVE,15,15,ACTIVE
Multnomah,Portland,,,,,,,1249 N PRESCOTT ST,8,8,ACTIVE
Multnomah,Portland,,,,,,,1249 N PRESCOTT ST,8,8,ACTIVE
Multnomah,Portland,,,,,,,1240 SW COLUMBIA ST,129,129,ACTIVE
Multnomah,Portland,,,,,,,4066 NE Grand,40,40,IN DEVELOPMENT
Multnomah,Portland,,,,,,,9707 SE HOLGATE BLVD,10,9,ACTIVE
Multnomah,Portland,,,,,,,(UNKNOWN),50,49,ACTIVE
Multnomah,Portland,,,,,,,824 NW 20TH AVE,32,32,ACTIVE
Multnomah,Portland,,,,,,,6000 SW BEAVERTON HILLSDALE HWY,15,14,ACTIVE
Multnomah,Portland,,,,,,,3214 SE HOLGATE BLVD,77,76,ACTIVE
Multnomah,Portland,,,,,,,1603 N Willis Blvd,44,44,IN DEVELOPMENT
Multnomah,Portland,,,,,,,3923 SE 69TH AVE,10,10,ACTIVE
Multnomah,Portland,,,,,,,606 NE KILLINGSWORTH CT,6,6,ACTIVE
Multnomah,Portland,,,,,,,5600 NE 42nd Ave,84,84,IN DEVELOPMENT
Multnomah,Portland,,,,,,,101 NE KNOTT ST,14,14,ACTIVE
Multnomah,Portland,,,,,,,6431-6445 NE MLK JR BLVD,70,70,IN DEVELOPMENT
Multnomah,Portland,,,,,,,3530 SE 84TH AVE,151,150,ACTIVE
Multnomah,Portland,,,,,,,3535 SE 86TH AVE,75,75,ACTIVE
Multnomah,Portland,,,,,,,8447 SE LAFAYETTE ST,56,56,ACTIVE
Multnomah,Portland,,,,,,,303 N BEECH ST,4,4,ACTIVE
Multnomah,Portland,,,,,,,735 N FREMONT ST,18,18,ACTIVE
Multnomah,Portland,,,,,,,7906 SE 72ND AVE,7,7,ACTIVE
Multnomah,Portland,,,,,,,8714 SE LAFAYETTE ST,32,15,ACTIVE
Multnomah,Portland,,,,,,,6723 NE Killingsworth Street,142,141,IN DEVELOPMENT
Multnomah,Portland,,,,,,,804 SE CESAR E CHAVEZ BLVD,23,23,ACTIVE
Multnomah,Portland,,,,,,,4600 SE 122ND AVE,37,36,ACTIVE
Multnomah,Portland,,,,,,,9222 SE WOODSTOCK BLVD,36,35,ACTIVE
Multnomah,Portland,,,,,,,5859 SE 92ND AVE,54,16,ACTIVE
Multnomah,Portland,,,,,,,6102 SE 86TH AVE,1,1,ACTIVE
Multnomah,Portland,,,,,,,10325 SE HOLGATE BLVD,63,63,ACTIVE
Multnomah,Portland,,,,,,,2545 NE FLANDERS ST,56,56,ACTIVE
Multnomah,Portland,,,,,,,1125 SW 12TH AVE,54,54,ACTIVE
Multnomah,Portland,,,,,,,7860 SE 72ND AVE,19,19,ACTIVE
Multnomah,Portland,,,,,,,245 SW LINCOLN ST,198,40,ACTIVE
Multnomah,Portland,,,,,,,2409 SE 139TH AVE,4,4,ACTIVE
Multnomah,Portland,,,,,,,2333 SE 130TH AVE,70,70,ACTIVE
Multnomah,Portland,,,,,,,2310 N HUNT ST & 2250-2344 N COLUMBIA BLVD,72,72,ACTIVE
Multnomah,Portland,,,,,,,111 NE 162ND AVE,18,17,ACTIVE
Multnomah,Portland,,,,,,,5530 NE 60TH AVE,43,42,ACTIVE
Multnomah,Portland,,,,,,,12715 NE GLISAN ST,16,10,ACTIVE
Multnomah,Portland,,,,,,,1040 NW 10TH AVE,181,181,ACTIVE
Multnomah,Portland,,,,,,,216 NW 3RD AVE,95,95,ACTIVE
Multnomah,Portland,,,,,,,121 NW 6TH AVE,42,42,ACTIVE
Multnomah,Portland,,,,,,,17810 E BURNSIDE ST,45,45,ACTIVE
Multnomah,Portland,,,,,,,10 N WEIDLER ST,132,132,ACTIVE
Multnomah,Portland,,,,,,,110 N WEIDLER ST,44,44,ACTIVE
Multnomah,Portland,,,,,,,1700 NE ALBERTA ST,9,9,ACTIVE
Multnomah,Portland,,,,,,,3250 NE MARTIN LUTHER KING JR BLVD,50,49,ACTIVE
Multnomah,Portland,,,,,,,3250 NE MARTIN LUTHER KING JR BLVD,50,50,IN DEVELOPMENT
Multnomah,Portland,,,,,,,2020 SE MARION ST,24,24,ACTIVE
Multnomah,Portland,,,,,,,726 W BURNSIDE ST,106,106,ACTIVE
Multnomah,Portland,,,,,,,644 SE 148TH AVE,25,25,ACTIVE
Multnomah,Portland,,,,,,,2020 NW NORTHRUP ST,200,200,ACTIVE
Multnomah,Portland,,,,,,,2020 NW NORTHRUP ST,42,42,ACTIVE
Multnomah,Portland,,,,,,,1115 SW 11TH AVE,108,107,ACTIVE
Multnomah,Portland,,,,,,,6620 NE 6TH AVE,16,15,ACTIVE
Multnomah,Portland,,,,,,,7200 SE WOODSTOCK BLVD,40,40,ACTIVE
Multnomah,Portland,,,,,,,"4501-4509, 4515-4525 N Montana Ave; 4526-4538 N Maryland Ave",171,171,IN DEVELOPMENT
Multnomah,Portland,,,,,,,4012 N BORTHWICK AVE,42,41,ACTIVE
Multnomah,Portland,,,,,,,605 NW COUCH ST,54,54,ACTIVE
Multnomah,Portland,,,,,,,959 NE 165TH AVE,10,10,ACTIVE
Multnomah,Portland,,,,,,,4430 NE MARTIN LUTHER KING JR BLVD,55,54,ACTIVE
Multnomah,Portland,,,,,,,236 N KILLINGSWORTH ST,40,40,ACTIVE
Multnomah,Portland,,,,,,,12309 SE BUSH ST,10,10,ACTIVE
Multnomah,Portland,,,,,,,506 NW 5TH AVE,60,60,ACTIVE
Multnomah,Portland,,,,,,,2830 SE 127TH AVE,46,44,ACTIVE
Multnomah,Portland,,,,,,,850 NE 81ST AVE,95,95,ACTIVE
Multnomah,Portland,,,,,,,6633 N OBERLIN ST,15,15,ACTIVE
Multnomah,Portland,,,,,,,1208 N Jessup St.,71,71,IN DEVELOPMENT
Multnomah,Portland,,,,,,,4206 NE MARTIN LUTHER KING JR BLVD,40,39,ACTIVE
Multnomah,Portland,,,,,,,1306 NE 2ND AVE,47,47,ACTIVE
Multnomah,Portland,,,,,,,8917 N NEWELL AVE,32,31,ACTIVE
Multnomah,Portland,,,,,,,4710 NE MARTIN LUTHER KING JR BLVD,38,38,ACTIVE
Multnomah,Portland,,,,,,,6519-6525 N Montana Ave,75,75,IN DEVELOPMENT
Multnomah,Portland,,,,,,,1959 SW MORRISON ST,140,140,ACTIVE
Multnomah,Portland,,,,,,,623 SW PARK AVE,60,60,ACTIVE
Multnomah,Portland,,,,,,,9911 SE MOUNT SCOTT BLVD,30,30,ACTIVE
Multnomah,Portland,,,,,,,9110 NE HASSALO ST,54,53,ACTIVE
Multnomah,Portland,,,,,,,1030 SW JEFFERSON ST,140,28,ACTIVE
Multnomah,Portland,,,,,,,2600 N WILLIAMS AVE,20,19,ACTIVE
Multnomah,Portland,,,,,,,11106 E BURNSIDE ST,4,4,ACTIVE
Multnomah,Portland,,,,,,,5110 SE 76TH AVE,16,15,ACTIVE
Multnomah,Portland,,,,,,,8510 SE STEELE ST,40,40,ACTIVE
Multnomah,Portland,,,,,,,1010 NE GRAND AVE,240,220,IN DEVELOPMENT
Multnomah,Portland,,,,,,,9815 N TAFT AVE,7,7,ACTIVE
Multnomah,Portland,,,,,,,4605 N TRENTON ST,131,131,ACTIVE
Multnomah,Portland,,,,,,,8920 N WOOLSEY AVE,44,44,ACTIVE
Multnomah,Portland,,,,,,,9147 N WOOLSEY CT,250,250,ACTIVE
Multnomah,Portland,,,,,,,8913 N WOOLSEY AVE,42,42,ACTIVE
Multnomah,Portland,,,,,,,9340 N NEWMAN ST,47,47,ACTIVE
Multnomah,Portland,,,,,,,9209 N DWIGHT ST,42,42,ACTIVE
Multnomah,Portland,,,,,,,4353 N HUNT ST,15,14,ACTIVE
Multnomah,Portland,,,,,,,2124 N WILLIAMS AVE,61,61,IN DEVELOPMENT
Multnomah,Portland,,,,,,,5931 SE 92ND AVE,145,126,ACTIVE
Multnomah,Portland,,,,,,,1488 NE ALBERTA ST,11,10,ACTIVE
Multnomah,Portland,,,,,,,1484 NE ALBERTA ST,11,11,ACTIVE
Multnomah,Portland,,,,,,,2727 SE ALDER ST,30,14,ACTIVE
Multnomah,Portland,,,,,,,1132 SW 13TH AVE,30,30,ACTIVE
Multnomah,Portland,,,,,,,323 NW 4TH AVE,156,156,ACTIVE
Multnomah,Portland,,,,,,,13130 SE POWELL BLVD,20,20,ACTIVE
Multnomah,Portland,,,,,,,2055-57 2061 SW Park Ave,91,91,IN DEVELOPMENT
Multnomah,Portland,,,,,,,315 N ALBERTA ST,88,86,ACTIVE
Multnomah,Portland,,,,,,,731 SW SALMON ST,162,162,ACTIVE
Multnomah,Portland,,,,,,,10914 SE STARK ST,59,59,ACTIVE
Multnomah,Portland,,,,,,,4619 N MICHIGAN AVE,63,63,ACTIVE
Multnomah,Portland,,,,,,,5204 N INTERSTATE AVE,54,54,ACTIVE
Multnomah,Portland,,,,,,,9632 N CLARENDON AVE,230,225,ACTIVE
Multnomah,Portland,,,,,,,5319 NE 24TH AVE,10,10,ACTIVE
Multnomah,Portland,,,,,,,2835 SE 47TH AVE,70,70,ACTIVE
Multnomah,Portland,,,,,,,920 NW KEARNEY ST,199,199,ACTIVE
Multnomah,Portland,,,,,,,1530 SW 13TH AVE,92,92,ACTIVE
Multnomah,Portland,,,,,,,8660 N COLUMBIA BLVD,164,164,ACTIVE
Multnomah,Portland,,,,,,,12025 SE PINE ST,24,24,ACTIVE
Multnomah,Portland,,,,,,,110 SE 188TH AVE,47,47,ACTIVE
Multnomah,Portland,,,,,,,110 SE 188TH AVE,13,13,ACTIVE
Multnomah,Portland,,,,,,,220 SE 106TH AVE,10,10,ACTIVE
Multnomah,Portland,,,,,,,7511 SE HENRY ST,18,31,ACTIVE
Multnomah,Portland,,,,,,,10809 NE FREMONT ST,6,6,ACTIVE
Multnomah,Portland,,,,,,,5802 N MICHIGAN AVE,68,68,ACTIVE
Multnomah,Portland,,,,,,,TBD,1,1,ACTIVE
Multnomah,Portland,,,,,,,4775 N Lombard St,20,20,IN DEVELOPMENT
Multnomah,Portland,,,,,,,2101 SE POWELL BLVD,20,20,ACTIVE
Multnomah,Portland,,,,,,,13320 SE POWELL BLVD,47,47,ACTIVE
Multnomah,Portland,,,,,,,13320 SE POWELL BLVD,20,20,ACTIVE
Multnomah,Portland,,,,,,,4312 N INTERSTATE AVE,155,31,ACTIVE
Multnomah,Portland,,,,,,,5802 NE PRESCOTT ST,20,19,ACTIVE
Multnomah,Portland,,,,,,,5725 NE PRESCOTT ST,50,48,ACTIVE
Multnomah,Portland,,,,,,,3510 SE 118TH AVE,5,5,ACTIVE
Multnomah,Portland,,,,,,,5921 E BURNSIDE ST,40,39,ACTIVE
Multnomah,Portland,,,,,,,4938 NE 15TH AVE,11,9,ACTIVE
Multnomah,Portland,,,,,,,4071 N MISSISSIPPI AVE,5,5,ACTIVE
Multnomah,Portland,,,,,,,1350 NW RALEIGH ST,138,138,ACTIVE
Multnomah,Portland,,,,,,,332 SE 148TH AVE,36,8,ACTIVE
Multnomah,Portland,,,,,,,2133 N ARGYLE ST,189,189,IN DEVELOPMENT
Multnomah,Portland,,,,,,,8940 SE REEDWAY ST,24,24,ACTIVE
Multnomah,Portland,,,,,,,14708 NE GLISAN ST,60,60,IN DEVELOPMENT
Multnomah,Portland,,,,,,,14708 NE GLISAN ST,44,44,IN DEVELOPMENT
Multnomah,Portland,,,,,,,8 NW 8TH AVE,180,180,ACTIVE
Multnomah,Portland,,,,,,,4147 SE DIVISION ST,21,18,ACTIVE
Multnomah,Portland,,,,,,,8870 N COLUMBIA BLVD,97,97,ACTIVE
Multnomah,Portland,,,,,,,1225 SE BELMONT ST,90,90,ACTIVE
Multnomah,Portland,,,,,,,2095 SW RIVER PARKWAY,375,203,IN DEVELOPMENT
Multnomah,Portland,,,,,,,2065 SW River Parkway,178,178,IN DEVELOPMENT
Multnomah,Portland,,,,,,,19045 SE YAMHILL ST,36,36,ACTIVE
Multnomah,Portland,,,,,,,19100 E BURNSIDE ST,195,195,ACTIVE
Multnomah,Portland,,,,,,,9750 NE EVERETT CT,90,36,ACTIVE
Multnomah,Portland,,,,,,,631 SE TAYLOR ST,58,58,ACTIVE
Multnomah,Portland,,,,,,,6819 NE SANDY BLVD,55,52,ACTIVE
Multnomah,Portland,,,,,,,(UNKNOWN),4,4,ACTIVE
Multnomah,Portland,,,,,,,1430 SW 12TH AVE,235,233,ACTIVE
Multnomah,Portland,,,,,,,913 NE ROSELAWN ST,8,3,ACTIVE
Multnomah,Portland,,,,,,,424 NW 21ST AVE,31,30,ACTIVE
Multnomah,Portland,,,,,,,4721 NE KILLINGSWORTH ST,4,4,ACTIVE
Multnomah,Portland,,,,,,,597 N DEKUM ST,100,18,ACTIVE
Multnomah,Portland,,,,,,,621 N SARATOGA ST,18,18,ACTIVE
Multnomah,Portland,,,,,,,1218 SW WASHINGTON ST,76,76,ACTIVE
Multnomah,Portland,,,,,,,4810 NE SANDY BLVD,35,35,ACTIVE
Multnomah,Portland,,,,,,,310 NW FLANDERS ST,50,50,ACTIVE
Multnomah,Portland,,,,,,,76 NE RUSSET ST,5,5,ACTIVE
Multnomah,Portland,,,,,,,6005 SW BEAVERTON HILLSDALE HWY,73,73,ACTIVE
Multnomah,Portland,,,,,,,6923 N FESSENDEN ST,5,5,ACTIVE
Multnomah,Portland,,,,,,,3911 SE MILWAUKIE AVE,68,66,ACTIVE
Multnomah,Portland,,,,,,,11401 NE SANDY BLVD,15,14,ACTIVE
Multnomah,Portland,,,,,,,37 NE 127TH AVE,10,10,ACTIVE
Multnomah,Portland,,,,,,,2503 SE 76TH AVE,7,7,ACTIVE
Multnomah,Portland,,,,,,,219 NE SHAVER ST,14,14,ACTIVE
Multnomah,Portland,,,,,,,4009 NE 133RD AVE,1,1,ACTIVE
Multnomah,Portland,,,,,,,5317 NE 24TH AVE,10,10,ACTIVE
Multnomah,Portland,,,,,,,9326 SE SCHILLER ST,26,24,ACTIVE
Multnomah,Portland,,,,,,,13223 SE POWELL BLVD,42,42,ACTIVE
Multnomah,Portland,,,,,,,3000 SE Powell Blvd,206,206,IN DEVELOPMENT
Multnomah,Portland,,,,,,,247 SE 160TH AVE,62,61,ACTIVE
Multnomah,Portland,,,,,,,375 NE SHAVER ST,85,84,ACTIVE
Multnomah,Portland,,,,,,,123 W BURNSIDE ST,62,62,ACTIVE
Multnomah,Portland,,,,,,,1865 NE DAVIS ST,76,75,ACTIVE
Multnomah,Portland,,,,,,,1115 NW NORTHRUP ST,209,202,ACTIVE
Multnomah,Portland,,,,,,,1101 SW JEFFERSON ST,196,39,ACTIVE
Multnomah,Portland,,,,,,,4702 SW SLAVIN RD,24,24,ACTIVE
Multnomah,Portland,,,,,,,5312 SE 148TH,27,27,ACTIVE
Multnomah,Portland,,,,,,,2505 NE Pacific St,219,219,IN DEVELOPMENT
Multnomah,Portland,,,,,,,650 SE 162ND AVE,72,72,ACTIVE
Multnomah,Portland,,,,,,,6430 SE 128TH AVE,36,35,ACTIVE
Multnomah,Portland,,,,,,,1177 SE STARK ST,106,106,ACTIVE
Multnomah,Portland,,,,,,,1432 SW 13TH AVE,195,195,ACTIVE
Multnomah,Portland,,,,,,,3560 SE 79TH AVE,127,106,ACTIVE
Multnomah,Portland,,,,,,,1024 SW MAIN ST,132,132,ACTIVE
Multnomah,Portland,,,,,,,1312 SW 10TH AVE,122,122,ACTIVE
Multnomah,Portland,,,,,,,7715 SE 92ND AVE,5,5,ACTIVE
Multnomah,Portland,,,,,,,737 SW 17TH AVE,115,115,ACTIVE
Multnomah,Portland,,,,,,,12613 SE STARK ST,153,153,ACTIVE
Multnomah,Portland,,,,,,,12727 SE STARK ST,60,60,ACTIVE
Multnomah,Portland,,,,,,,304 SE 162ND AVE,44,44,ACTIVE
Multnomah,Portland,,,,,,,1020 NW 9TH AVE,176,176,ACTIVE
Multnomah,Portland,,,,,,,6719 SW 26TH AVE,75,75,ACTIVE
Multnomah,Portland,,,,,,,6775 SW 26TH AVE,50,47,ACTIVE
Multnomah,Portland,,,,,,,7810 SE FOSTER RD,50,50,ACTIVE
Multnomah,Portland,,,,,,,5728 NE PRESCOTT ST,10,10,ACTIVE
Multnomah,Portland,,,,,,,326 SE 76TH AVE,1,1,ACTIVE
Multnomah,Portland,,,,,,,8018 SE TAGGART ST,24,23,ACTIVE
Multnomah,Portland,,,,,,,1330 SE TAYLOR ST,10,10,ACTIVE
Multnomah,Portland,,,,,,,2405 SE UMATILLA ST,94,93,ACTIVE
Multnomah,Portland,,,,,,,322 SW 11TH AVE,66,66,IN DEVELOPMENT
Multnomah,Portland,,,,,,,NW 18TH AVE AND NW HOYT ST,146,144,IN DEVELOPMENT
Multnomah,Portland,,,,,,,4110 NE TILLAMOOK ST,47,10,ACTIVE
Multnomah,Portland,,,,,,,610 SW 17th Ave,214,214,IN DEVELOPMENT
Multnomah,Portland,,,,,,,5135 SE 73RD AVE,16,15,ACTIVE
Multnomah,Portland,,,,,,,7622 N GLOUCESTER AVE,34,34,ACTIVE
Multnomah,Portland,,,,,,,7602-7630 N Gloucester Avenue,57,57,IN DEVELOPMENT
Multnomah,Portland,,,,,,,3001 SE 136TH AVE,32,31,ACTIVE
Multnomah,Portland,,,,,,,10413 E Burnside,211,211,IN DEVELOPMENT
Multnomah,Portland,,,,,,,4720 N TRENTON ST,66,65,ACTIVE
Multnomah,Portland,,,,,,,639 SW 257TH AVE,228,228,ACTIVE
Multnomah,Portland,,,,,,,8455 SW 30TH AVE,20,19,ACTIVE
Multnomah,Portland,,,,,,,(UNKNOWN),24,24,ACTIVE
Multnomah,Portland,,,,,,,2500 N WILLIAMS AVE,80,80,ACTIVE
Multnomah,Portland,,,,,,,2650 NW UPSHUR ST,30,29,ACTIVE
Multnomah,Portland,,,,,,,712 SW ST CLAIR AVE,72,71,ACTIVE
Multnomah,Portland,,,,,,,10 N RUSSELL ST,24,24,ACTIVE
Multnomah,Portland,,,,,,,12439-12529 SE Powell Boulevard,166,166,IN DEVELOPMENT
Multnomah,Portland,,,,,,,1825 SW VERMONT ST,15,14,ACTIVE
Multnomah,Portland,,,,,,,2255 W BURNSIDE ST,62,61,ACTIVE
Multnomah,Portland,,,,,,,6706 NE KILLINGSWORTH ST,133,118,ACTIVE
Multnomah,Portland,,,,,,,6444 NE KILLINGSWORTH ST,28,28,ACTIVE
Multnomah,Portland,,,,,,,3131 SW MARIGOLD ST,56,55,ACTIVE
Multnomah,Portland,,,,,,,15230 NE SANDY BLVD,35,35,ACTIVE
Multnomah,Portland,,,,,,,5000 NE KILLINGSWORTH ST,71,70,ACTIVE
Multnomah,Portland,,,,,,,5272 NE 6TH AVE,38,38,ACTIVE
Multnomah,Portland,,,,,,,6388 SW CAPITOL HWY,51,50,ACTIVE
Multnomah,Portland,,,,,,,1529 NE 21ST AVE,51,50,ACTIVE
Multnomah,Portland,,,,,,,17257 E BURNSIDE ST,27,26,ACTIVE
Multnomah,Portland,,,,,,,6404 SE 23RD AVE,301,167,ACTIVE
Multnomah,Portland,,,,,,,6404 SE 23RD AVE,50,50,ACTIVE
Multnomah,Portland,,,,,,,222 SW PINE ST,113,113,ACTIVE
Multnomah,Portland,,,,,,,4327 N WILLIAMS AVE,75,15,ACTIVE
Multnomah,Portland,,,,,,,11625 SE BOISE ST,58,58,ACTIVE
Multnomah,Portland,,,,,,,8002 SE DUKE ST,4,4,ACTIVE
Multnomah,Portland,,,,,,,7001 SE WOODSTOCK BLVD,2,2,ACTIVE
Multnomah,Portland,,,,,,,5800 SE 91ST AVE,65,16,ACTIVE
Multnomah,Portland,,,,,,,4808 NE 8TH AVE,5,5,ACTIVE
Multnomah,Portland,,,,,,,815 NW NAITO PKWY,158,158,ACTIVE
Multnomah,Portland,,,,,,,945 NW NAITO PKWY,321,128,ACTIVE
Multnomah,Portland,,,,,,,615 NW NAITO PKWY,80,79,ACTIVE
Multnomah,Portland,,,,,,,701 NW NAITO PKWY,56,18,ACTIVE
Marion,Salem,,,,,,,1560 BRUSH COLLEGE RD NW,22,22,ACTIVE
Marion,Salem,,,,,,,1260 ORCHARD HEIGHTS RD NW,30,30,ACTIVE
Marion,Salem,,,,,,,1947 Salem DALLAS HWY NW,100,100,ACTIVE
Marion,Salem,,,,,,,375 TAYBIN RD NW,160,160,ACTIVE
Multnomah,Portland,,,,,,,16050 NW LAIDLAW RD,208,208,ACTIVE
Multnomah,Portland,,,,,,,16050 NW LAIDLAW RD,132,132,ACTIVE
Multnomah,Portland,,,,,,,12450 NW BARNES RD,608,608,ACTIVE
Multnomah,Portland,,,,,,,18476 NW CHEMEKETA LN,276,276,ACTIVE